Tweet Id,Text,Name,Screen Name,UTC,Created At,Favorites,Retweets,Language,Client,Tweet Type,URLs,Hashtags,Mentions,Media Type,Media URLs,Unnamed: 16,Unnamed: 17,Unnamed: 18,final_text,english_final_text,spacy_sentiment,vedar_sentiment,keyword_sum,is_Bitcoin,is_volcano,is_volcano bond,attention_index,UTC_time_diff,Event_bucket,is_significant_Event,is_significant_SubEvent
1429607967767289858,"La oposiciÃ³n torpe siempre juega ajedrez de un paso.

Han apostado todo a meterle miedo a la poblaciÃ³n sobre la #LeyBitcoin y puede que logren algo, pero solo hasta el 7 de septiembre.

Una vez en vigencia, la gente verÃ¡ los beneficios, quedarÃ¡n como mentirosos y perderÃ¡n dobleğŸ˜‰",Nayib Bukele ğŸ‡¸ğŸ‡»,nayibbukele,2021-08-23 00:54:35,Mon Aug 23 00:54:35 +0000 2021,9533,1973,es,"<a href=""http://twitter.com/download/iphone"" rel=""nofollow"">Twitter for iPhone</a>",Tweet,,1,0,,,,,,"La oposiciÃ³n torpe siempre juega ajedrez de un paso.

Han apostado todo a meterle miedo a la poblaciÃ³n sobre la #LeyBitcoin y puede que logren algo, pero solo hasta el 7 de septiembre.

Una vez en vigencia, la gente verÃ¡ los beneficios, quedarÃ¡n como mentirosos y perderÃ¡n dobleğŸ˜‰","The clumsy opposition always plays a step chess.

They have bet everything to get afraid of the population about #leybitcoin and may have something, but only until September 7.

Once in force, people will see the benefits, they will be like liars and lose double",Negative,Negative,1,1,0,0,13479,,other,1,0
1431727866765615104,"Si usted quiere creerle a este seÃ±or que NO SABE NADA DE #Bitcoin y que habla de â€œTESALEâ€ de â€œELIOS MONKâ€, allÃ¡ usted ğŸ˜‚ https://t.co/1rzhUC3ngX",Nayib Bukele ğŸ‡¸ğŸ‡»,nayibbukele,2021-08-28 21:18:18,Sat Aug 28 21:18:18 +0000 2021,5655,1060,es,"<a href=""http://twitter.com/download/iphone"" rel=""nofollow"">Twitter for iPhone</a>",Tweet,https://twitter.com/chinchontepec22/status/1431691167440285706 ,1,0,,,,,,"Si usted quiere creerle a este seÃ±or que NO SABE NADA DE #Bitcoin y que habla de â€œTESALEâ€ de â€œELIOS MONKâ€, allÃ¡ usted ğŸ˜‚ https://t.co/1rzhUC3ngX","If you want to believe this gentleman who does not know anything about #BITCOIN and talks about ""Tesale"" by ""Elios Monk"", back you ğŸ˜‚ https://t.co/1rzhuc3ngx",Neutral,Positive,1,1,0,0,7775,8424.0,_6H,1,0
1431736177363652610,"Lo encontrÃ© en TikTok ğŸ¤·ğŸ»â€â™‚ï¸

#Bitcoin ğŸ‡¸ğŸ‡» https://t.co/MlQQjubzh3",Nayib Bukele ğŸ‡¸ğŸ‡»,nayibbukele,2021-08-28 21:51:19,Sat Aug 28 21:51:19 +0000 2021,6006,1270,es,"<a href=""http://twitter.com/download/iphone"" rel=""nofollow"">Twitter for iPhone</a>",Tweet,,1,0,video,https://video.twimg.com/ext_tw_video/1431736140038610945/pu/pl/v4j6h3sgLIHNUz_w.m3u8?tag=12&container=fmp4,,,,"Lo encontrÃ© en TikTok ğŸ¤·ğŸ»â€â™‚ï¸

#Bitcoin ğŸ‡¸ğŸ‡» https://t.co/MlQQjubzh3","I found it in tiktok ğŸ¤·ğŸ»â™‚ï¸

#Bitcoin ğŸ‡¸ğŸ‡» https://t.co/mlqqjubzh3.",Neutral,Neutral,1,1,0,0,8546,33.0,0-1H,0,1
1432148309188222976,"A partir del 7 de septiembre ğŸ‡¸ğŸ‡»

#Bitcoin @chivowallet https://t.co/HNiHWdY3x1",Nayib Bukele ğŸ‡¸ğŸ‡»,nayibbukele,2021-08-30 01:08:59,Mon Aug 30 01:08:59 +0000 2021,9516,2302,es,"<a href=""http://twitter.com/download/iphone"" rel=""nofollow"">Twitter for iPhone</a>",Tweet,,1,1,video,https://video.twimg.com/ext_tw_video/1432148156981157889/pu/vid/640x360/YwILpnIcwSCsV2Es.mp4?tag=12,,,,"A partir del 7 de septiembre ğŸ‡¸ğŸ‡»

#Bitcoin @chivowallet https://t.co/HNiHWdY3x1","As of September 7 ğŸ‡¸ğŸ‡»

#Bitcin @chivowallet https://t.co/hnihwdy3x1.",Neutral,Neutral,1,1,0,0,14120,1638.0,_6H,1,0
1432170230067961856,"Hey @KFC_sv, aquÃ­ el equipo #Bitcoin quiere #Biscuits

Manden #Biscuits

#SÃ­AlBiscuit",Nayib Bukele ğŸ‡¸ğŸ‡»,nayibbukele,2021-08-30 02:36:05,Mon Aug 30 02:36:05 +0000 2021,6549,755,es,"<a href=""http://twitter.com/download/iphone"" rel=""nofollow"">Twitter for iPhone</a>",Tweet,,4,1,,,,,,"Hey @KFC_sv, aquÃ­ el equipo #Bitcoin quiere #Biscuits

Manden #Biscuits

#SÃ­AlBiscuit","Hey @kfc_sv, here the team #bitcoin wants #biscuits

Send #Biscuits.

# SIALBISCUIT.",Negative,Neutral,1,1,0,0,8059,87.0,1-6H,0,0
1432192131607769094,"Recibidos.

TambiÃ©n vino pollo y strips ğŸ¤¤

El equipo #Bitcoin manda las gracias.

#SiAlBiscuit https://t.co/zq3w1ehhml https://t.co/h7wBc51RNX",Nayib Bukele ğŸ‡¸ğŸ‡»,nayibbukele,2021-08-30 04:03:07,Mon Aug 30 04:03:07 +0000 2021,5277,655,es,"<a href=""http://twitter.com/download/iphone"" rel=""nofollow"">Twitter for iPhone</a>",Tweet,https://twitter.com/KFC_sv/status/1432176545603465226 ,2,0,photo,https://pbs.twimg.com/media/E-ArJm6WUAQRmY-.jpg,,,,"Recibidos.

TambiÃ©n vino pollo y strips ğŸ¤¤

El equipo #Bitcoin manda las gracias.

#SiAlBiscuit https://t.co/zq3w1ehhml https://t.co/h7wBc51RNX","Received

Also wine chicken and strips ğŸ¤¤

The #BITCOIN team sends thanks.

#Sialbiscuit https://t.co/zq3w1ehhml https://t.co/h7wbc51rnx.",Neutral,Positive,1,1,0,0,6587,87.0,1-6H,0,0
1432452527665164293,"Le han estado cobrando a nuestro pueblo hasta 25% de comisiÃ³n en casos como este.

Por eso se oponen a la Ley #Bitcoin

EstÃ¡n protegiendo los $400 millones que le quitan a nuestros hermanos en el exterior cada aÃ±o.

AllÃ¡ los engaÃ±ados que piensan que se preocupan por los pobres. https://t.co/hGndRBCZIk",Nayib Bukele ğŸ‡¸ğŸ‡»,nayibbukele,2021-08-30 21:17:50,Mon Aug 30 21:17:50 +0000 2021,4136,895,es,"<a href=""http://twitter.com/download/iphone"" rel=""nofollow"">Twitter for iPhone</a>",Tweet,https://twitter.com/MaribelVasquezJ/status/1432193657222754309 ,1,0,,,,,,"Le han estado cobrando a nuestro pueblo hasta 25% de comisiÃ³n en casos como este.

Por eso se oponen a la Ley #Bitcoin

EstÃ¡n protegiendo los $400 millones que le quitan a nuestros hermanos en el exterior cada aÃ±o.

AllÃ¡ los engaÃ±ados que piensan que se preocupan por los pobres. https://t.co/hGndRBCZIk","They have been charging our people to 25% commission in cases like this.

That is why they oppose the law #bitcoin

They are protecting the $ 400 million that take away our brothers abroad every year.

There the deceived ones who think they care about the poor.https://t.co/hgndrbczik.",Neutral,Positive,1,1,0,0,5926,1035.0,_6H,1,0
1432461213393432579,"AquÃ­ el otro â€œexpertoâ€ de la oposiciÃ³n.

â€œSototoshisâ€, â€œel toshisâ€, â€œsantoshisâ€.

EstÃ¡ bien que no sepan absolutamente nada sobre #Bitcoin, nadie nace con todo aprendido.

Lo que estÃ¡ mal es que quieran que nuestro paÃ­s haga lo que un ignorante diga. https://t.co/OYRIAppgkx",Nayib Bukele ğŸ‡¸ğŸ‡»,nayibbukele,2021-08-30 21:52:21,Mon Aug 30 21:52:21 +0000 2021,3744,776,es,"<a href=""http://twitter.com/download/iphone"" rel=""nofollow"">Twitter for iPhone</a>",Tweet,https://twitter.com/franfuentessv/status/1432458838028980228 ,1,0,,,,,,"AquÃ­ el otro â€œexpertoâ€ de la oposiciÃ³n.

â€œSototoshisâ€, â€œel toshisâ€, â€œsantoshisâ€.

EstÃ¡ bien que no sepan absolutamente nada sobre #Bitcoin, nadie nace con todo aprendido.

Lo que estÃ¡ mal es que quieran que nuestro paÃ­s haga lo que un ignorante diga. https://t.co/OYRIAppgkx","Here the other ""expert"" of the opposition.

""Sotoshis"", ""El Toshis"", ""Santoshis"".

It's okay that they do not know anything about #bitcoin, nobody is born with everything learned.

What is wrong is that they want our country to do what an ignorant say.https://t.co/oyriappgkx.",Neutral,Negative,1,1,0,0,5296,35.0,0-1H,0,1
1432532924990164994,"Estamos construyendo 50 puntos Chivo distribuidos por todo nuestro paÃ­s ğŸ‡¸ğŸ‡»

En ellos se podrÃ¡ depositar y retirar dinero (sin comisiones) y habrÃ¡ personas listas para asesorar en cÃ³mo descargar y utilizar la billetera electrÃ³nica y los cajeros.

@chivowallet #Bitcoin #PuntosChivo https://t.co/unT8rOTR7f",Nayib Bukele ğŸ‡¸ğŸ‡»,nayibbukele,2021-08-31 02:37:19,Tue Aug 31 02:37:19 +0000 2021,6755,1256,es,"<a href=""http://twitter.com/download/iphone"" rel=""nofollow"">Twitter for iPhone</a>",Tweet,,2,1,photo,https://pbs.twimg.com/media/E-FhGfNWUAEyAn_.jpg,https://pbs.twimg.com/media/E-FhGfRWQAERPVr.jpg,https://pbs.twimg.com/media/E-FhGfNWEAQDqOg.jpg,https://pbs.twimg.com/media/E-FhGfiWEAAUnw0.jpg,"Estamos construyendo 50 puntos Chivo distribuidos por todo nuestro paÃ­s ğŸ‡¸ğŸ‡»

En ellos se podrÃ¡ depositar y retirar dinero (sin comisiones) y habrÃ¡ personas listas para asesorar en cÃ³mo descargar y utilizar la billetera electrÃ³nica y los cajeros.

@chivowallet #Bitcoin #PuntosChivo https://t.co/unT8rOTR7f","We are building 50 goggles distributed throughout our country ğŸ‡¸ğŸ‡»

In them you can deposit and withdraw money (without commissions) and there will be people ready to advise how to download and use the electronic wallet and the ATMs.

@chivowallet #bitcoin #Puntoschy https://t.co/unt8rotR7F",Negative,Positive,1,1,0,0,9267,285.0,1-6H,0,0
1432759874522423296,"Esta publicaciÃ³n fue el 29 de febrero de 2020.

Vean los comentarios de la oposiciÃ³n, criticando que era â€œridÃ­culoâ€ usar mascarilla y que era â€œun showâ€ del Gobierno.

Gracias a Dios no les hicimos caso. Ahora ellos tambiÃ©n las usan.

AsÃ­ pasarÃ¡ con #Bitcoin y la @chivowallet. https://t.co/UJER9z1GIV",Nayib Bukele ğŸ‡¸ğŸ‡»,nayibbukele,2021-08-31 17:39:08,Tue Aug 31 17:39:08 +0000 2021,3127,639,es,"<a href=""http://twitter.com/download/iphone"" rel=""nofollow"">Twitter for iPhone</a>",Tweet,https://twitter.com/ElMundoSV/status/1233812674796032005 ,1,1,,,,,,"Esta publicaciÃ³n fue el 29 de febrero de 2020.

Vean los comentarios de la oposiciÃ³n, criticando que era â€œridÃ­culoâ€ usar mascarilla y que era â€œun showâ€ del Gobierno.

Gracias a Dios no les hicimos caso. Ahora ellos tambiÃ©n las usan.

AsÃ­ pasarÃ¡ con #Bitcoin y la @chivowallet. https://t.co/UJER9z1GIV","This publication was February 29, 2020.

See the comments of the opposition, criticizing that it was ""ridiculous"" to use mask and that it was ""a show"" of the government.

Thank God we did not listen to them.Now they also use them.

This will happen with #bitcoin and the @chivowallet.https://t.co/ujer9z1giv.",Negative,Negative,1,1,0,0,4405,902.0,_6H,1,0
1432773851969163267,"TambiÃ©n decÃ­an que no construyÃ©ramos el @HospitalSV, que mejor atendiÃ©ramos a los enfermos en carpas en parques y estadios.

ImagÃ­nense atendiendo a nuestros pacientes en un estadio.

Gracias a Dios NUNCA les hacemos caso.

AsÃ­ les pasarÃ¡ con el #Bitcoin y la @chivowallet. https://t.co/BbpHfY7Ud2",Nayib Bukele ğŸ‡¸ğŸ‡»,nayibbukele,2021-08-31 18:34:40,Tue Aug 31 18:34:40 +0000 2021,3139,685,es,"<a href=""http://twitter.com/download/iphone"" rel=""nofollow"">Twitter for iPhone</a>",Tweet,https://twitter.com/EEBarrientos/status/1244848619771084800 ,1,2,,,,,,"TambiÃ©n decÃ­an que no construyÃ©ramos el @HospitalSV, que mejor atendiÃ©ramos a los enfermos en carpas en parques y estadios.

ImagÃ­nense atendiendo a nuestros pacientes en un estadio.

Gracias a Dios NUNCA les hacemos caso.

AsÃ­ les pasarÃ¡ con el #Bitcoin y la @chivowallet. https://t.co/BbpHfY7Ud2","They also said that we did not build the @hospitalsv, which we better attended patients in tents and stadiums.

Imagine attending our patients in a stadium.

Thank God we never pay attention to them.

This will happen to them with the #BITCOIN and the @chivowallet.https://t.co/bbphfy7ud2.",Positive,Positive,1,1,0,0,4509,56.0,0-1H,0,1
1433090283978231811,Y en estas histÃ³ricas cifras falta incluir el impulso que le darÃ¡ la Ley #Bitcoin a nuestra economÃ­a ğŸ‡¸ğŸ‡» https://t.co/TuKx14dyLS,Nayib Bukele ğŸ‡¸ğŸ‡»,nayibbukele,2021-09-01 15:32:03,Wed Sep 01 15:32:03 +0000 2021,4184,797,es,"<a href=""http://twitter.com/download/iphone"" rel=""nofollow"">Twitter for iPhone</a>",Tweet,https://twitter.com/Forbes_CA/status/1432757576463048704 ,1,0,,,,,,Y en estas histÃ³ricas cifras falta incluir el impulso que le darÃ¡ la Ley #Bitcoin a nuestra economÃ­a ğŸ‡¸ğŸ‡» https://t.co/TuKx14dyLS,"And in these historical figures, it is necessary to include the impulse that will give you the law #bitcoin to our economy ğŸ‡¸ğŸ‡» https://t.co/tukx14dyls",Neutral,Neutral,1,1,0,0,5778,1257.0,_6H,1,0
1433200147484266496,"Si tomamos en cuenta el impulso que darÃ¡ la Ley #Bitcoin, la inyecciÃ³n de $30 por persona en moneda deflacionaria, el fideicomiso del salario mÃ­nimo, el fideicomiso de reactivaciÃ³n econÃ³mica y el no pago de comisiones por las remesas...

Estoy seguro que la cifra serÃ¡ mayor ğŸ˜‰ https://t.co/D1fMs36shG",Nayib Bukele ğŸ‡¸ğŸ‡»,nayibbukele,2021-09-01 22:48:37,Wed Sep 01 22:48:37 +0000 2021,3827,790,es,"<a href=""http://twitter.com/download/iphone"" rel=""nofollow"">Twitter for iPhone</a>",Tweet,https://twitter.com/Forbes_CA/status/1433067119424335873 ,1,0,,,,,,"Si tomamos en cuenta el impulso que darÃ¡ la Ley #Bitcoin, la inyecciÃ³n de $30 por persona en moneda deflacionaria, el fideicomiso del salario mÃ­nimo, el fideicomiso de reactivaciÃ³n econÃ³mica y el no pago de comisiones por las remesas...

Estoy seguro que la cifra serÃ¡ mayor ğŸ˜‰ https://t.co/D1fMs36shG","If we take into account the impulse that the #BITCOIN law, the injection of $ 30 per person in deflationary currency, the minimum salary trust, the economic reactivation trust and the non-payment of commissions for remittances ...

I am sure that the figure will be greater ğŸ˜‰ https://t.co/d1fms36shg",Positive,Positive,1,1,0,0,5407,437.0,_6H,1,0
1433930609760645123,"Take look at this threadğŸ‘‡ğŸ¼

#BitcoinğŸ‡¸ğŸ‡» https://t.co/fmMrqouU1x",Nayib Bukele ğŸ‡¸ğŸ‡»,nayibbukele,2021-09-03 23:11:13,Fri Sep 03 23:11:13 +0000 2021,6313,1043,en,"<a href=""http://twitter.com/download/iphone"" rel=""nofollow"">Twitter for iPhone</a>",Tweet,https://twitter.com/gladstein/status/1433547324991623169 ,1,0,,,,,,"Take look at this threadğŸ‘‡ğŸ¼

#BitcoinğŸ‡¸ğŸ‡» https://t.co/fmMrqouU1x","Take look at this threadğŸ‘‡ğŸ¼

#BitcoinğŸ‡¸ğŸ‡» https://t.co/fmMrqouU1x",Neutral,Neutral,1,1,0,0,8399,2903.0,_6H,1,0
1434948725550551042,"Tomorrow, for the first time in history, all the eyes of the world will be on El Salvador.

#Bitcoin did this.

#BTCğŸŒğŸ‡¸ğŸ‡» https://t.co/h3zO2COYmb",Nayib Bukele ğŸ‡¸ğŸ‡»,nayibbukele,2021-09-06 18:36:50,Mon Sep 06 18:36:50 +0000 2021,20105,4650,en,"<a href=""http://twitter.com/download/iphone"" rel=""nofollow"">Twitter for iPhone</a>",Tweet,https://twitter.com/BitcoinMagazine/status/1434869144395079681 ,2,0,,,,,,"Tomorrow, for the first time in history, all the eyes of the world will be on El Salvador.

#Bitcoin did this.

#BTCğŸŒğŸ‡¸ğŸ‡» https://t.co/h3zO2COYmb","Tomorrow, for the first time in history, all the eyes of the world will be on El Salvador.

#Bitcoin did this.

#BTCğŸŒğŸ‡¸ğŸ‡» https://t.co/h3zO2COYmb",Positive,Neutral,1,1,0,0,29405,4046.0,_6H,1,0
1434965486543020034,"Incoming FUD!

Tons of it.

Stay focused.

#BitcoinğŸŒğŸ‡¸ğŸ‡»",Nayib Bukele ğŸ‡¸ğŸ‡»,nayibbukele,2021-09-06 19:43:27,Mon Sep 06 19:43:27 +0000 2021,17762,2451,en,"<a href=""http://twitter.com/download/iphone"" rel=""nofollow"">Twitter for iPhone</a>",Tweet,,1,0,,,,,,"Incoming FUD!

Tons of it.

Stay focused.

#BitcoinğŸŒğŸ‡¸ğŸ‡»","Incoming FUD!

Tons of it.

Stay focused.

#BitcoinğŸŒğŸ‡¸ğŸ‡»",Neutral,Negative,1,1,0,0,22664,67.0,1-6H,0,0
1434968475928248331,"El Salvador has just bought itâ€™s first 200 coins.

Our brokers will be buying a lot more as the deadline approaches.

#BitcoinDay #BTCğŸ‡¸ğŸ‡»",Nayib Bukele ğŸ‡¸ğŸ‡»,nayibbukele,2021-09-06 19:55:19,Mon Sep 06 19:55:19 +0000 2021,35361,7322,en,"<a href=""http://twitter.com/download/iphone"" rel=""nofollow"">Twitter for iPhone</a>",Tweet,,2,0,,,,,,"El Salvador has just bought itâ€™s first 200 coins.

Our brokers will be buying a lot more as the deadline approaches.

#BitcoinDay #BTCğŸ‡¸ğŸ‡»","El Salvador has just bought itâ€™s first 200 coins.

Our brokers will be buying a lot more as the deadline approaches.

#BitcoinDay #BTCğŸ‡¸ğŸ‡»",Positive,Neutral,1,1,0,0,50005,12.0,0-1H,0,0
1434986040473833477,#BitcoinğŸ‡¸ğŸ‡» @chivowallet https://t.co/wErz0YAsWS,Nayib Bukele ğŸ‡¸ğŸ‡»,nayibbukele,2021-09-06 21:05:07,Mon Sep 06 21:05:07 +0000 2021,9406,2198,und,"<a href=""http://twitter.com/download/iphone"" rel=""nofollow"">Twitter for iPhone</a>",Tweet,,1,1,video,https://video.twimg.com/ext_tw_video/1434985803629858822/pu/vid/640x360/xaTaGBB-WTmNk3h1.mp4?tag=12,,,,#BitcoinğŸ‡¸ğŸ‡» @chivowallet https://t.co/wErz0YAsWS,#BitcoinğŸ‡¸ğŸ‡» @chivowallet https://t.co/wErz0YAsWS,Neutral,Neutral,1,1,0,0,13802,70.0,1-6H,0,0
1435023474494410753,"El Salvador just bought 200 new coins.

We now hold 400 #bitcoin

#BitcoinDayÂ ğŸ‡¸ğŸ‡»",Nayib Bukele ğŸ‡¸ğŸ‡»,nayibbukele,2021-09-06 23:33:52,Mon Sep 06 23:33:52 +0000 2021,42554,6966,en,"<a href=""http://twitter.com/download/iphone"" rel=""nofollow"">Twitter for iPhone</a>",Tweet,,2,0,,,,,,"El Salvador just bought 200 new coins.

We now hold 400 #bitcoin

#BitcoinDayÂ ğŸ‡¸ğŸ‡»","El Salvador just bought 200 new coins.

We now hold 400 #bitcoin

#BitcoinDayÂ ğŸ‡¸ğŸ‡»",Neutral,Neutral,1,1,0,0,56486,149.0,1-6H,0,0
1435029027434213383,"Como toda innovaciÃ³n, el proceso del #Bitcoin en El Salvador tiene una curva de aprendizaje. Todo camino hacia el futuro es asÃ­ y no se lograrÃ¡ todo en un dÃ­a, ni en un mes.

Pero debemos romper los paradigmas del pasado. El Salvador tiene derecho a avanzar hacia el primer mundo.",Nayib Bukele ğŸ‡¸ğŸ‡»,nayibbukele,2021-09-06 23:55:56,Mon Sep 06 23:55:56 +0000 2021,14151,2517,es,"<a href=""http://twitter.com/download/iphone"" rel=""nofollow"">Twitter for iPhone</a>",Tweet,,1,0,,,,,,"Como toda innovaciÃ³n, el proceso del #Bitcoin en El Salvador tiene una curva de aprendizaje. Todo camino hacia el futuro es asÃ­ y no se lograrÃ¡ todo en un dÃ­a, ni en un mes.

Pero debemos romper los paradigmas del pasado. El Salvador tiene derecho a avanzar hacia el primer mundo.","Like all innovation, the #BITCOIN process in El Salvador has a learning curve.Every way to the future is like this and everything will be achieved in a day, nor in a month.

But we must break the paradigms of the past.El Salvador has the right to move towards the first world.",Neutral,Positive,1,1,0,0,19185,22.0,0-1H,0,0
1435107299136352256,"Portada histÃ³rica.

#BitcoinDay #BTCğŸ‡¸ğŸ‡» https://t.co/1unc35Q7NS",Nayib Bukele ğŸ‡¸ğŸ‡»,nayibbukele,2021-09-07 05:06:57,Tue Sep 07 05:06:57 +0000 2021,5105,981,pt,"<a href=""http://twitter.com/download/iphone"" rel=""nofollow"">Twitter for iPhone</a>",Tweet,https://twitter.com/elsalvador/status/1435105548802801665 ,2,0,,,,,,"Portada histÃ³rica.

#BitcoinDay #BTCğŸ‡¸ğŸ‡» https://t.co/1unc35Q7NS","Portada histÃ³rica.

#BitcoinDay #BTCğŸ‡¸ğŸ‡» https://t.co/1unc35Q7NS",Neutral,Neutral,1,1,0,0,7067,311.0,1-6H,1,0
1435120030245662722,"3 minutos para hacer historia.

In 3 minutes, we make history.

#BitcoinDay #BTCğŸ‡¸ğŸ‡»",Nayib Bukele ğŸ‡¸ğŸ‡»,nayibbukele,2021-09-07 05:57:33,Tue Sep 07 05:57:33 +0000 2021,17905,2456,es,"<a href=""http://twitter.com/download/iphone"" rel=""nofollow"">Twitter for iPhone</a>",Tweet,,2,0,,,,,,"3 minutos para hacer historia.

In 3 minutes, we make history.

#BitcoinDay #BTCğŸ‡¸ğŸ‡»","3 minutes to make history.

In 3 Minutes, We Make History.

#BITCOINDAY # BTCğŸ‡¸ğŸ‡».",Neutral,Neutral,1,1,0,0,22817,51.0,0-1H,0,1
1435127393065259010,"Release him! ğŸ˜¡

@Apple, @Google, @Huawei 

#BitcoinDay #BTCğŸ‡¸ğŸ‡» https://t.co/pE3LPtj9Uo",Nayib Bukele ğŸ‡¸ğŸ‡»,nayibbukele,2021-09-07 06:26:48,Tue Sep 07 06:26:48 +0000 2021,4676,720,en,"<a href=""http://twitter.com/download/iphone"" rel=""nofollow"">Twitter for iPhone</a>",Tweet,https://twitter.com/chivowallet/status/1435122901695574016 ,2,3,,,,,,"Release him! ğŸ˜¡

@Apple, @Google, @Huawei 

#BitcoinDay #BTCğŸ‡¸ğŸ‡» https://t.co/pE3LPtj9Uo","Release him! ğŸ˜¡

@Apple, @Google, @Huawei 

#BitcoinDay #BTCğŸ‡¸ğŸ‡» https://t.co/pE3LPtj9Uo",Neutral,Neutral,1,1,0,0,6116,29.0,0-1H,0,0
1435260422110732300,"Buying the dip ğŸ˜‰

150 new coins added.

#BitcoinDay #BTCğŸ‡¸ğŸ‡»",Nayib Bukele ğŸ‡¸ğŸ‡»,nayibbukele,2021-09-07 15:15:25,Tue Sep 07 15:15:25 +0000 2021,55130,9603,en,"<a href=""http://twitter.com/download/iphone"" rel=""nofollow"">Twitter for iPhone</a>",Tweet,,2,0,,,,,,"Buying the dip ğŸ˜‰

150 new coins added.

#BitcoinDay #BTCğŸ‡¸ğŸ‡»","Buying the dip ğŸ˜‰

150 new coins added.

#BitcoinDay #BTCğŸ‡¸ğŸ‡»",Neutral,Neutral,1,1,0,0,74336,529.0,_6H,1,0
1435269339691814923,"Â¿QuiÃ©n quiere Pizza Hut?

#BitcoinDay #BTCğŸ‡¸ğŸ‡» https://t.co/jidMQHVQyB",Nayib Bukele ğŸ‡¸ğŸ‡»,nayibbukele,2021-09-07 15:50:51,Tue Sep 07 15:50:51 +0000 2021,17026,2088,es,"<a href=""http://twitter.com/download/iphone"" rel=""nofollow"">Twitter for iPhone</a>",Tweet,,2,0,photo,https://pbs.twimg.com/media/E-sZ23VXIAMRyNI.jpg,,,,"Â¿QuiÃ©n quiere Pizza Hut?

#BitcoinDay #BTCğŸ‡¸ğŸ‡» https://t.co/jidMQHVQyB","Who wants pizza Hut?

#Bitcoinday # BTCğŸ‡¸ğŸ‡» https://t.co/jidmqhvqyb",Negative,Neutral,1,1,0,0,21202,35.0,0-1H,0,1
1435415430215127047,"Number 1 finance app in the @AppStore:

@chivowallet 

In just 8 hours!

#BitcoinDay #BTCğŸ‡¸ğŸ‡» https://t.co/pJpmpEr7ZS",Nayib Bukele ğŸ‡¸ğŸ‡»,nayibbukele,2021-09-08 01:31:21,Wed Sep 08 01:31:21 +0000 2021,7445,991,en,"<a href=""http://twitter.com/download/iphone"" rel=""nofollow"">Twitter for iPhone</a>",Tweet,,2,2,photo,https://pbs.twimg.com/media/E-ueuN8XMAAKZXa.jpg,,,,"Number 1 finance app in the @AppStore:

@chivowallet 

In just 8 hours!

#BitcoinDay #BTCğŸ‡¸ğŸ‡» https://t.co/pJpmpEr7ZS","Number 1 finance app in the @AppStore:

@chivowallet 

In just 8 hours!

#BitcoinDay #BTCğŸ‡¸ğŸ‡» https://t.co/pJpmpEr7ZS",Neutral,Positive,1,1,0,0,9427,580.0,_6H,1,0
1435813236738170880,"This thread ğŸ‘‡ğŸ¼

#BitcoinğŸ‡¸ğŸ‡» https://t.co/6sxgBEUs2M",Nayib Bukele ğŸ‡¸ğŸ‡»,nayibbukele,2021-09-09 03:52:06,Thu Sep 09 03:52:06 +0000 2021,3595,451,en,"<a href=""http://twitter.com/download/iphone"" rel=""nofollow"">Twitter for iPhone</a>",Tweet,https://twitter.com/Bitcoinbeach/status/1435803409177878530 ,1,0,,,,,,"This thread ğŸ‘‡ğŸ¼

#BitcoinğŸ‡¸ğŸ‡» https://t.co/6sxgBEUs2M","This thread ğŸ‘‡ğŸ¼

#BitcoinğŸ‡¸ğŸ‡» https://t.co/6sxgBEUs2M",Neutral,Neutral,1,1,0,0,4497,1581.0,_6H,1,0
1437532306282061825,"Nuestros equipos tÃ©cnicos han estado trabajando arduamente estos Ãºltimos dÃ­as ğŸ¤“ğŸ’»ğŸ“±ğŸ’†ğŸ¿ğŸ’†ğŸ»â€â™‚ï¸

Muchos ya se habrÃ¡n dado cuenta, otros aÃºn no...

Buenas noticias dentro de unas horas ğŸ˜

@chivowallet #BitcoinğŸ‡¸ğŸ‡»",Nayib Bukele ğŸ‡¸ğŸ‡»,nayibbukele,2021-09-13 21:43:04,Mon Sep 13 21:43:04 +0000 2021,11808,1564,es,"<a href=""http://twitter.com/download/iphone"" rel=""nofollow"">Twitter for iPhone</a>",Tweet,,1,1,,,,,,"Nuestros equipos tÃ©cnicos han estado trabajando arduamente estos Ãºltimos dÃ­as ğŸ¤“ğŸ’»ğŸ“±ğŸ’†ğŸ¿ğŸ’†ğŸ»â€â™‚ï¸

Muchos ya se habrÃ¡n dado cuenta, otros aÃºn no...

Buenas noticias dentro de unas horas ğŸ˜

@chivowallet #BitcoinğŸ‡¸ğŸ‡»","Our technical teams have been hardworking these last days ğŸ¤“ğŸ’»ğŸ“±ğŸ’†ğŸ¿ğŸ’†ğŸ»â™‚ï¸

Many have already noticed, others not yet ...

Good news within a few hours ğŸ˜

@chivowallet # BitcoinğŸ‡¸ğŸ‡».",Negative,Negative,1,1,0,0,14936,6831.0,_6H,1,0
1438013952114532354,"ğŸ¤©ğŸŒ‹ #LABITCONF | El Salvador @ Nov 15 to 20.

Conferences, Hackathons, Lightning, B2B Speed Datings &amp; more.

Its a whole experience. With @BitcoinMagazine @talentrepublic_ @BlockSummitLA 

#Savethedate ğŸ”¥ https://t.co/xYQQmD2qnM 

#ElSalvador #Bitcoin https://t.co/7JEYOOn0cP",Nayib Bukele ğŸ‡¸ğŸ‡»,nayibbukele,2021-09-15 05:36:57,Wed Sep 15 05:36:57 +0000 2021,4532,896,en,"<a href=""http://twitter.com/download/iphone"" rel=""nofollow"">Twitter for iPhone</a>",Tweet,http://labitconf.com ,4,3,video,https://video.twimg.com/ext_tw_video/1437517164362272769/pu/vid/1280x720/X5aNzD2sdgZpRCwa.mp4?tag=12,,,,"ğŸ¤©ğŸŒ‹ #LABITCONF | El Salvador @ Nov 15 to 20.

Conferences, Hackathons, Lightning, B2B Speed Datings &amp; more.

Its a whole experience. With @BitcoinMagazine @talentrepublic_ @BlockSummitLA 

#Savethedate ğŸ”¥ https://t.co/xYQQmD2qnM 

#ElSalvador #Bitcoin https://t.co/7JEYOOn0cP","ğŸ¤©ğŸŒ‹ #LABITCONF | El Salvador @ Nov 15 to 20.

Conferences, Hackathons, Lightning, B2B Speed Datings &amp; more.

Its a whole experience. With @BitcoinMagazine @talentrepublic_ @BlockSummitLA 

#Savethedate ğŸ”¥ https://t.co/xYQQmD2qnM 

#ElSalvador #Bitcoin https://t.co/7JEYOOn0cP",Positive,Negative,1,1,0,0,6324,1914.0,_6H,1,0
1439062924534943753,"1.1 millones de salvadoreÃ±os ya utilizan @chivowallet (y aÃºn no hemos habilitado el 65% de los modelos de telÃ©fono).

Parece que lograremos bancarizar mÃ¡s personas en 1 mes, de lo que hicieron con nacionalizaciones y privatizaciones de la banca tradicional en 40 aÃ±os.

#BitcoinğŸ‡¸ğŸ‡»",Nayib Bukele ğŸ‡¸ğŸ‡»,nayibbukele,2021-09-18 03:05:12,Sat Sep 18 03:05:12 +0000 2021,16611,2610,es,"<a href=""http://twitter.com/download/iphone"" rel=""nofollow"">Twitter for iPhone</a>",Tweet,,1,1,,,,,,"1.1 millones de salvadoreÃ±os ya utilizan @chivowallet (y aÃºn no hemos habilitado el 65% de los modelos de telÃ©fono).

Parece que lograremos bancarizar mÃ¡s personas en 1 mes, de lo que hicieron con nacionalizaciones y privatizaciones de la banca tradicional en 40 aÃ±os.

#BitcoinğŸ‡¸ğŸ‡»","1.1 million Salvadorans already use @chivowallet (and we have not yet enabled 65% of telephone models).

It seems that we will be bankrupt by more people in 1 month, what they did with nationalizations and privatizations of traditional banking in 40 years.

# BitcoinğŸ‡¸ğŸ‡».",Positive,Negative,1,1,0,0,21831,4168.0,_6H,1,0
1439326400880726023,"Hemos habilitado nuevos modelos @SamsungMobile para descargar @chivowallet en @GooglePlay ğŸ¥³

Elite 
Europa 
EK
A01 
A10
A11
A02 
A20 
A21
A22
Note3

De los Galaxy Note:

Edge
Note 7
Note 8
Note 9
Note 10
Note 3 Neo
Note 5
Note II
Note 4
Note Pro 12.2

#BitcoinÂ ğŸ‡¸ğŸ‡»",Nayib Bukele ğŸ‡¸ğŸ‡»,nayibbukele,2021-09-18 20:32:10,Sat Sep 18 20:32:10 +0000 2021,4940,778,es,"<a href=""http://twitter.com/download/iphone"" rel=""nofollow"">Twitter for iPhone</a>",Tweet,,1,3,,,,,,"Hemos habilitado nuevos modelos @SamsungMobile para descargar @chivowallet en @GooglePlay ğŸ¥³

Elite 
Europa 
EK
A01 
A10
A11
A02 
A20 
A21
A22
Note3

De los Galaxy Note:

Edge
Note 7
Note 8
Note 9
Note 10
Note 3 Neo
Note 5
Note II
Note 4
Note Pro 12.2

#BitcoinÂ ğŸ‡¸ğŸ‡»","We have enabled new models @samsungmobile to download @chivowallet in @googleplay ğŸ¥³

Elite
Europe
Ek
A01.
A10.
A11.
A02.
TO 20
A21.
A22.
Note3.

Of the Galaxy Note:

Edge.
Note 7.
Note 8.
Note 9.
Note 10.
Note 3 Neo.
Note 5.
Note II.
Note 4.
Note Pro 12.2.

#Bitcoin ğŸ‡¸ğŸ‡».",Neutral,Positive,1,1,0,0,6496,1047.0,_6H,1,0
1439441448294825992,"â€œAlta demanda de @chivowalletâ€

El Salvador nunca habÃ­a tenido un proyecto de digitalizaciÃ³n tan masivo.

De hecho, creo que nunca habÃ­a tenido un proyecto nacional de digitalizaciÃ³n.

Cada hora, tenemos el doble de nuevos usuarios que los participantes en la marcha anti #Bitcoin https://t.co/GqxNxQ7Mkj",Nayib Bukele ğŸ‡¸ğŸ‡»,nayibbukele,2021-09-19 04:09:19,Sun Sep 19 04:09:19 +0000 2021,6312,1070,es,"<a href=""http://twitter.com/download/iphone"" rel=""nofollow"">Twitter for iPhone</a>",Tweet,https://twitter.com/digicel_sv/status/1439429374973992960 ,1,1,,,,,,"â€œAlta demanda de @chivowalletâ€

El Salvador nunca habÃ­a tenido un proyecto de digitalizaciÃ³n tan masivo.

De hecho, creo que nunca habÃ­a tenido un proyecto nacional de digitalizaciÃ³n.

Cada hora, tenemos el doble de nuevos usuarios que los participantes en la marcha anti #Bitcoin https://t.co/GqxNxQ7Mkj","""High demand from @chivowallet""

El Salvador had never had a project of digitization so massive.

In fact, I think I had never had a national scanning project.

Each hour, we have double new users than participants in the anti-gambling https://t.co/gqxnxq7mkj",Neutral,Negative,1,1,0,0,8452,457.0,_6H,1,0
1439815012642611203,"We just bought the dip.

150 new coins!

El Salvador now holds 700 coins.

#BitcoinğŸ‡¸ğŸ‡»",Nayib Bukele ğŸ‡¸ğŸ‡»,nayibbukele,2021-09-20 04:53:44,Mon Sep 20 04:53:44 +0000 2021,77354,12292,en,"<a href=""http://twitter.com/download/iphone"" rel=""nofollow"">Twitter for iPhone</a>",Tweet,,1,0,,,,,,"We just bought the dip.

150 new coins!

El Salvador now holds 700 coins.

#BitcoinğŸ‡¸ğŸ‡»","We just bought the dip.

150 new coins!

El Salvador now holds 700 coins.

#BitcoinğŸ‡¸ğŸ‡»",Neutral,Neutral,1,1,0,0,101938,1484.0,_6H,1,0
1440033171009982475,"1.6 millones de salvadoreÃ±os ya utilizan @chivowallet ğŸ¥³

Y subiendo...

#BitcoinğŸ‡¸ğŸ‡»",Nayib Bukele ğŸ‡¸ğŸ‡»,nayibbukele,2021-09-20 19:20:37,Mon Sep 20 19:20:37 +0000 2021,15978,1809,es,"<a href=""http://twitter.com/download/iphone"" rel=""nofollow"">Twitter for iPhone</a>",Tweet,,1,1,,,,,,"1.6 millones de salvadoreÃ±os ya utilizan @chivowallet ğŸ¥³

Y subiendo...

#BitcoinğŸ‡¸ğŸ‡»","1.6 million Salvadorans already use @chivowallet ğŸ¥³

And up...

# BitcoinğŸ‡¸ğŸ‡».",Neutral,Positive,1,1,0,0,19596,867.0,_6H,1,0
1441846960332361730,"2.1 million Salvadorans are ACTIVELY USING @chivowallet (not downloads).

Chivo is not a bank, but in less than 3 weeks, it now has more users than any bank in El Salvador and is moving fast to have more users that ALL BANKS IN EL SALVADOR combined.

This is wild!

#BitcoinğŸ‡¸ğŸ‡»",Nayib Bukele ğŸ‡¸ğŸ‡»,nayibbukele,2021-09-25 19:27:58,Sat Sep 25 19:27:58 +0000 2021,40612,7456,en,"<a href=""http://twitter.com/download/iphone"" rel=""nofollow"">Twitter for iPhone</a>",Tweet,,1,1,,,,,,"2.1 million Salvadorans are ACTIVELY USING @chivowallet (not downloads).

Chivo is not a bank, but in less than 3 weeks, it now has more users than any bank in El Salvador and is moving fast to have more users that ALL BANKS IN EL SALVADOR combined.

This is wild!

#BitcoinğŸ‡¸ğŸ‡»","2.1 million Salvadorans are ACTIVELY USING @chivowallet (not downloads).

Chivo is not a bank, but in less than 3 weeks, it now has more users than any bank in El Salvador and is moving fast to have more users that ALL BANKS IN EL SALVADOR combined.

This is wild!

#BitcoinğŸ‡¸ğŸ‡»",Neutral,Positive,1,1,0,0,55524,7207.0,_6H,1,0
1442533230540886019,"Some @chivowallet stats...

#BitcoinğŸ‡¸ğŸ‡» https://t.co/RnFqs2Zatp",Nayib Bukele ğŸ‡¸ğŸ‡»,nayibbukele,2021-09-27 16:54:57,Mon Sep 27 16:54:57 +0000 2021,14998,2227,en,"<a href=""http://twitter.com/download/iphone"" rel=""nofollow"">Twitter for iPhone</a>",Tweet,,1,1,photo,https://pbs.twimg.com/media/FAToU3KWEActhc7.jpg,,,,"Some @chivowallet stats...

#BitcoinğŸ‡¸ğŸ‡» https://t.co/RnFqs2Zatp","Some @chivowallet stats...

#BitcoinğŸ‡¸ğŸ‡» https://t.co/RnFqs2Zatp",Neutral,Neutral,1,1,0,0,19452,2727.0,_6H,1,0
1442687867617218560,"Ya empezaron otra vez con el cuento de que los salarios se pagarÃ¡n en bitcoin.

Una empresa privada puede ofrecer los servicios que quiera, este es un paÃ­s libre.

Pero los salarios y las pensiones, por ley, se deben pagar en dÃ³lares.",Nayib Bukele ğŸ‡¸ğŸ‡»,nayibbukele,2021-09-28 03:09:26,Tue Sep 28 03:09:26 +0000 2021,11964,2066,es,"<a href=""http://twitter.com/download/iphone"" rel=""nofollow"">Twitter for iPhone</a>",Tweet,,0,0,,,,,,"Ya empezaron otra vez con el cuento de que los salarios se pagarÃ¡n en bitcoin.

Una empresa privada puede ofrecer los servicios que quiera, este es un paÃ­s libre.

Pero los salarios y las pensiones, por ley, se deben pagar en dÃ³lares.","They already started again with the story that salaries will be paid in Bitcoin.

A private company can offer the services you want, this is a free country.

But salaries and pensions, by law, must be paid in dollars.",Negative,Positive,1,1,0,0,16096,614.0,_6H,1,0
1442949756993490945,"First steps...

ğŸŒ‹#BitcoinğŸ‡¸ğŸ‡» https://t.co/duhHvmEnym",Nayib Bukele ğŸ‡¸ğŸ‡»,nayibbukele,2021-09-28 20:30:05,Tue Sep 28 20:30:05 +0000 2021,58522,12419,en,"<a href=""http://twitter.com/download/iphone"" rel=""nofollow"">Twitter for iPhone</a>",Tweet,,1,0,video,https://video.twimg.com/ext_tw_video/1442949672402710528/pu/vid/480x270/JRRPD_62glVjzdoY.mp4?tag=12,,,,"First steps...

ğŸŒ‹#BitcoinğŸ‡¸ğŸ‡» https://t.co/duhHvmEnym","First steps...

ğŸŒ‹#BitcoinğŸ‡¸ğŸ‡» https://t.co/duhHvmEnym",Positive,Neutral,1,1,0,0,83360,1041.0,_6H,1,0
1442953678525067265,Volcanode,Nayib Bukele ğŸ‡¸ğŸ‡»,nayibbukele,2021-09-28 20:45:40,Tue Sep 28 20:45:40 +0000 2021,18078,1756,pt,"<a href=""http://twitter.com/download/iphone"" rel=""nofollow"">Twitter for iPhone</a>",Tweet,,0,0,,,,,,Volcanode,Volcanode,Neutral,Neutral,1,0,1,0,21590,16.0,0-1H,0,1
1443610795871543298,"DecÃ­an:

â€œEl pueblo marcharÃ¡ en contra del Presidente, en contra de los diputados, en contra de la ley #Bitcoin, en contra de la depuraciÃ³n judicial, en contra del desmantelamiento de la democracia, en contra de la dictaduraâ€

Pero al preguntarle a los asistentes a la marcha: https://t.co/qb51OhHSFc",Nayib Bukele ğŸ‡¸ğŸ‡»,nayibbukele,2021-09-30 16:16:49,Thu Sep 30 16:16:49 +0000 2021,6316,1670,es,"<a href=""http://twitter.com/download/iphone"" rel=""nofollow"">Twitter for iPhone</a>",Tweet,,1,0,video,https://video.twimg.com/ext_tw_video/1443610711268249603/pu/vid/640x352/MGOkG2LvXnw08TIN.mp4?tag=12,,,,"DecÃ­an:

â€œEl pueblo marcharÃ¡ en contra del Presidente, en contra de los diputados, en contra de la ley #Bitcoin, en contra de la depuraciÃ³n judicial, en contra del desmantelamiento de la democracia, en contra de la dictaduraâ€

Pero al preguntarle a los asistentes a la marcha: https://t.co/qb51OhHSFc","They were saying:

""The people will march against the president, against the deputies, against the law #bitcoin, against the judicial debugging, against the dismantling of democracy, against the dictatorship""

But when asking the attendees on the fly: https://t.co/qb51ohhsfc",Positive,Neutral,1,1,0,0,9656,2611.0,_6H,1,0
1443767018226917376,"2.73 million people already using @chivowallet

180 new users every minute (users not downloads).

1 million dollars in remittances being received every day.
 
#BitcoinğŸŒ‹ğŸ‡¸ğŸ‡»",Nayib Bukele ğŸ‡¸ğŸ‡»,nayibbukele,2021-10-01 02:37:35,Fri Oct 01 02:37:35 +0000 2021,19040,2843,en,"<a href=""http://twitter.com/download/iphone"" rel=""nofollow"">Twitter for iPhone</a>",Tweet,,1,1,,,,,,"2.73 million people already using @chivowallet

180 new users every minute (users not downloads).

1 million dollars in remittances being received every day.
 
#BitcoinğŸŒ‹ğŸ‡¸ğŸ‡»","2.73 million people already using @chivowallet

180 new users every minute (users not downloads).

1 million dollars in remittances being received every day.
 
#BitcoinğŸŒ‹ğŸ‡¸ğŸ‡»",Neutral,Neutral,1,1,0,0,24726,621.0,_6H,1,0
1444041126642606081,Â¿Ya vieron sus #bitcoin en sus @chivowallet?,Nayib Bukele ğŸ‡¸ğŸ‡»,nayibbukele,2021-10-01 20:46:48,Fri Oct 01 20:46:48 +0000 2021,12541,1158,es,"<a href=""http://twitter.com/download/iphone"" rel=""nofollow"">Twitter for iPhone</a>",Tweet,,1,1,,,,,,Â¿Ya vieron sus #bitcoin en sus @chivowallet?,Did they see their #Bitcin in their @chivowallet?,Neutral,Neutral,1,1,0,0,14857,1089.0,_6H,1,0
1444043494083997698,"El Faro anunciando Money Gram...

Ahora tiene sentido tanta oposiciÃ³n al #Bitcoin https://t.co/ZFlPo2sSAQ",Nayib Bukele ğŸ‡¸ğŸ‡»,nayibbukele,2021-10-01 20:56:12,Fri Oct 01 20:56:12 +0000 2021,3456,643,es,"<a href=""http://twitter.com/download/iphone"" rel=""nofollow"">Twitter for iPhone</a>",Tweet,https://twitter.com/_elfaro_/status/1444003378292568067 ,1,0,,,,,,"El Faro anunciando Money Gram...

Ahora tiene sentido tanta oposiciÃ³n al #Bitcoin https://t.co/ZFlPo2sSAQ","The lighthouse announcing money gram ...

Now it makes sense so much opposition to #BITCOIN https://t.co/zflpo2ssaq",Negative,Neutral,1,1,0,0,4742,9.0,0-1H,0,1
1444775650292899840,"3 million salvadorans are already using @chivowallet.

#BitcoinğŸŒ‹ğŸ‡¸ğŸ‡»",Nayib Bukele ğŸ‡¸ğŸ‡»,nayibbukele,2021-10-03 21:25:32,Sun Oct 03 21:25:32 +0000 2021,18254,2137,en,"<a href=""http://twitter.com/download/iphone"" rel=""nofollow"">Twitter for iPhone</a>",Tweet,,1,1,,,,,,"3 million salvadorans are already using @chivowallet.

#BitcoinğŸŒ‹ğŸ‡¸ğŸ‡»","3 million salvadorans are already using @chivowallet.

#BitcoinğŸŒ‹ğŸ‡¸ğŸ‡»",Neutral,Neutral,1,1,0,0,22528,2909.0,_6H,1,0
1444803983567110150,"Como dije hace unos meses, la oposiciÃ³n apostÃ³ TODO (analistas, portadas, noticias, manifestaciones, crÃ­ticas de la comunidad internacional, ataques, etc.) a que la Ley #Bitcoin fracasarÃ­a.

Pero jugaban ajedrez de un paso...

A medida mÃ¡s sean beneficiados, quedarÃ¡n en ridÃ­culo.",Nayib Bukele ğŸ‡¸ğŸ‡»,nayibbukele,2021-10-03 23:18:07,Sun Oct 03 23:18:07 +0000 2021,10213,1553,es,"<a href=""http://twitter.com/download/iphone"" rel=""nofollow"">Twitter for iPhone</a>",Tweet,,1,0,,,,,,"Como dije hace unos meses, la oposiciÃ³n apostÃ³ TODO (analistas, portadas, noticias, manifestaciones, crÃ­ticas de la comunidad internacional, ataques, etc.) a que la Ley #Bitcoin fracasarÃ­a.

Pero jugaban ajedrez de un paso...

A medida mÃ¡s sean beneficiados, quedarÃ¡n en ridÃ­culo.","As I said a few months ago, the opposition bet everything (analysts, covers, news, demonstrations, criticism of the international community, attacks, etc.) to which the law #bitcoin would fail.

But they played chess from one step ...

As more be benefited, they will be ridiculous.",Neutral,Negative,1,1,0,0,13319,113.0,1-6H,0,0
1445112928403865614,#Bitcoin cannot be hacked ğŸ¤·ğŸ»â€â™‚ï¸,Nayib Bukele ğŸ‡¸ğŸ‡»,nayibbukele,2021-10-04 19:45:45,Mon Oct 04 19:45:45 +0000 2021,24494,2981,en,"<a href=""http://twitter.com/download/iphone"" rel=""nofollow"">Twitter for iPhone</a>",Tweet,,1,0,,,,,,#Bitcoin cannot be hacked ğŸ¤·ğŸ»â€â™‚ï¸,#Bitcoin cannot be hacked ğŸ¤·ğŸ»â€â™‚ï¸,Neutral,Positive,1,1,0,0,30456,1228.0,_6H,1,0
1445214679857569796,"Totally unfair!

Considering @telegram benefited from @WhatsApp being down for 7 hours ğŸ˜¡

ğŸ˜‚

#BitcoinğŸŒ‹ğŸ‡¸ğŸ‡» https://t.co/oRwNLWqPpt",Nayib Bukele ğŸ‡¸ğŸ‡»,nayibbukele,2021-10-05 02:30:05,Tue Oct 05 02:30:05 +0000 2021,6140,581,en,"<a href=""http://twitter.com/download/iphone"" rel=""nofollow"">Twitter for iPhone</a>",Tweet,,1,2,photo,https://pbs.twimg.com/media/FA5vF1bXMAQpAmC.jpg,,,,"Totally unfair!

Considering @telegram benefited from @WhatsApp being down for 7 hours ğŸ˜¡

ğŸ˜‚

#BitcoinğŸŒ‹ğŸ‡¸ğŸ‡» https://t.co/oRwNLWqPpt","Totally unfair!

Considering @telegram benefited from @WhatsApp being down for 7 hours ğŸ˜¡

ğŸ˜‚

#BitcoinğŸŒ‹ğŸ‡¸ğŸ‡» https://t.co/oRwNLWqPpt",Negative,Negative,1,1,0,0,7302,404.0,_6H,1,0
1445624461852557312,"Â¿SerÃ¡ que Altamirano y Dutriz ponen la subida en el precio del #BitcoinÂ en sus portadas, asÃ­ como pusieron la bajada?

Â¿Y quÃ© pasÃ³ con la afirmaciÃ³n de que â€œel Gobierno ha perdido $2.7 millonesâ€?

Â¿Se dan cuenta de que no son periodistas?

Solo son activistas polÃ­ticos. https://t.co/bit8p2a7TV",Nayib Bukele ğŸ‡¸ğŸ‡»,nayibbukele,2021-10-06 05:38:24,Wed Oct 06 05:38:24 +0000 2021,7185,1325,es,"<a href=""http://twitter.com/download/iphone"" rel=""nofollow"">Twitter for iPhone</a>",Tweet,,1,0,photo,https://pbs.twimg.com/media/FA_jyOiVgAkwKwQ.jpg,,,,"Â¿SerÃ¡ que Altamirano y Dutriz ponen la subida en el precio del #BitcoinÂ en sus portadas, asÃ­ como pusieron la bajada?

Â¿Y quÃ© pasÃ³ con la afirmaciÃ³n de que â€œel Gobierno ha perdido $2.7 millonesâ€?

Â¿Se dan cuenta de que no son periodistas?

Solo son activistas polÃ­ticos. https://t.co/bit8p2a7TV","Could it be that Altamirano and Dutriz put the rise in the price of #BITCOIN on their covers, as well as they put the descent?

And what happened to the affirmation that ""the government has lost $ 2.7 million""?

Do you realize that they are not journalists?

They are only political activists.https://t.co/bit8p2a7tv.",Neutral,Negative,1,1,0,0,9835,1628.0,_6H,1,0
1445740971514236928,"Â¿Ya vieron sus @chivowallet?

#BitcoinğŸŒ‹ğŸ‡¸ğŸ‡»",Nayib Bukele ğŸ‡¸ğŸ‡»,nayibbukele,2021-10-06 13:21:22,Wed Oct 06 13:21:22 +0000 2021,13112,1284,es,"<a href=""http://twitter.com/download/iphone"" rel=""nofollow"">Twitter for iPhone</a>",Tweet,,1,1,,,,,,"Â¿Ya vieron sus @chivowallet?

#BitcoinğŸŒ‹ğŸ‡¸ğŸ‡»","Have they seen their @chivowallet?

# BitcoinğŸŒ‹ğŸ‡¸ğŸ‡».",Neutral,Neutral,1,1,0,0,15680,463.0,_6H,1,0
1445770218597326856,"At least 10%.

Depends on when they installed.

For some, it has gone up 20%.

Good lesson in the #Bitcoin starter pack. https://t.co/n0dPURuAvV",Nayib Bukele ğŸ‡¸ğŸ‡»,nayibbukele,2021-10-06 15:17:35,Wed Oct 06 15:17:35 +0000 2021,8908,1191,en,"<a href=""http://twitter.com/download/iphone"" rel=""nofollow"">Twitter for iPhone</a>",Tweet,https://twitter.com/BitcoinMagazine/status/1445765648190115844 ,1,0,,,,,,"At least 10%.

Depends on when they installed.

For some, it has gone up 20%.

Good lesson in the #Bitcoin starter pack. https://t.co/n0dPURuAvV","At least 10%.

Depends on when they installed.

For some, it has gone up 20%.

Good lesson in the #Bitcoin starter pack. https://t.co/n0dPURuAvV",Neutral,Positive,1,1,0,0,11290,116.0,1-6H,0,0
1445923488083107845,"Since yesterday, Salvadorans are inserting more cash (to buy #bitcoin) than what they are withdrawing from the @chivowallet ATMs.

And if we add remittances (almost $2 million per day), the incoming USD QUADRUPLES the outflow.

This is very surprising so early in the game.",Nayib Bukele ğŸ‡¸ğŸ‡»,nayibbukele,2021-10-07 01:26:38,Thu Oct 07 01:26:38 +0000 2021,17131,2705,en,"<a href=""http://twitter.com/download/iphone"" rel=""nofollow"">Twitter for iPhone</a>",Tweet,,1,1,,,,,,"Since yesterday, Salvadorans are inserting more cash (to buy #bitcoin) than what they are withdrawing from the @chivowallet ATMs.

And if we add remittances (almost $2 million per day), the incoming USD QUADRUPLES the outflow.

This is very surprising so early in the game.","Since yesterday, Salvadorans are inserting more cash (to buy #bitcoin) than what they are withdrawing from the @chivowallet ATMs.

And if we add remittances (almost $2 million per day), the incoming USD QUADRUPLES the outflow.

This is very surprising so early in the game.",Positive,Positive,1,1,0,0,22541,609.0,_6H,1,0
1445963327243444224,"Â¿Se dan cuenta del silencio de la oposiciÃ³n?

Pero ahÃ­ estuvieran saltando de alegrÃ­a y acabÃ¡ndose los dedos si el #Bitcoin hubiese bajado.

Queda claro y sin ninguna posible duda, que quieren lo malo para nuestro paÃ­s y nuestra gente.

Ya ni siquiera les interesa disimularlo.",Nayib Bukele ğŸ‡¸ğŸ‡»,nayibbukele,2021-10-07 04:04:56,Thu Oct 07 04:04:56 +0000 2021,13302,1928,es,"<a href=""http://twitter.com/download/iphone"" rel=""nofollow"">Twitter for iPhone</a>",Tweet,,1,0,,,,,,"Â¿Se dan cuenta del silencio de la oposiciÃ³n?

Pero ahÃ­ estuvieran saltando de alegrÃ­a y acabÃ¡ndose los dedos si el #Bitcoin hubiese bajado.

Queda claro y sin ninguna posible duda, que quieren lo malo para nuestro paÃ­s y nuestra gente.

Ya ni siquiera les interesa disimularlo.","Do you realize the silence of the opposition?

But there they were jumping with joy and running their fingers if the #titcin had dropped.

It is clear and without any possible doubt, that they want the bad for our country and our people.

They are not even interested in disguising it.",Neutral,Positive,1,1,0,0,17158,158.0,1-6H,0,0
1447056471515144192,#Bitcoin is good for pets.,Nayib Bukele ğŸ‡¸ğŸ‡»,nayibbukele,2021-10-10 04:28:42,Sun Oct 10 04:28:42 +0000 2021,13253,1223,en,"<a href=""http://twitter.com/download/iphone"" rel=""nofollow"">Twitter for iPhone</a>",Tweet,,1,0,,,,,,#Bitcoin is good for pets.,#Bitcoin is good for pets.,Positive,Positive,1,1,0,0,15699,4344.0,_6H,1,0
1447685595740913666,"â€œIt appears, however, that supporters of the Bitcoin Law may have the last laughâ€.

â€œParece, sin embargo, que los que apoyaron la Ley Bitcoin serÃ¡n los que rÃ­an de Ãºltimoâ€.

#BitcoinğŸ‡¸ğŸ‡» https://t.co/H4lKqC3c6l",Nayib Bukele ğŸ‡¸ğŸ‡»,nayibbukele,2021-10-11 22:08:37,Mon Oct 11 22:08:37 +0000 2021,6533,908,es,"<a href=""http://twitter.com/download/iphone"" rel=""nofollow"">Twitter for iPhone</a>",Tweet,https://www.forbes.com/sites/theapothecary/2021/10/07/in-el-salvador-more-people-have-bitcoin-wallets-than-traditional-bank-accounts/ ,1,0,,,,,,"â€œIt appears, however, that supporters of the Bitcoin Law may have the last laughâ€.

â€œParece, sin embargo, que los que apoyaron la Ley Bitcoin serÃ¡n los que rÃ­an de Ãºltimoâ€.

#BitcoinğŸ‡¸ğŸ‡» https://t.co/H4lKqC3c6l","""It Appears, However, That Supporters of the Bitcoin Law May Have the Last Laugh"".

""It seems, however, that those who supported Bitcoin law will be the ones who laugh at last.""

# BitcoinğŸ‡¸ğŸ‡» https://t.co/h4lkqc3c6l.",Neutral,Positive,1,1,0,0,8349,2500.0,_6H,1,0
1448852820686426112,"Â¿Ya vieron su @chivowallet?

#BitcoinğŸš€",Nayib Bukele ğŸ‡¸ğŸ‡»,nayibbukele,2021-10-15 03:26:45,Fri Oct 15 03:26:45 +0000 2021,12211,1146,es,"<a href=""http://twitter.com/download/iphone"" rel=""nofollow"">Twitter for iPhone</a>",Tweet,,1,1,,,,,,"Â¿Ya vieron su @chivowallet?

#BitcoinğŸš€","Have they seen their @chivowallet?

# BitcoinğŸš€.",Neutral,Neutral,1,1,0,0,14503,4638.0,_6H,1,0
1449079985969549313,"Â¿Y los â€œperiodistasâ€ y â€œexpertosâ€ que no paraban de hablar cuando el #Bitcoin bajÃ³ 10%, ya dijeron algo ahora que subiÃ³ 45%?

Esta claro que no son ni â€œperiodistasâ€, ni â€œexpertosâ€, solo son activistas polÃ­ticos de oposiciÃ³n.

Eso es todo. Gente buscando con que atacar ğŸ¥± https://t.co/LOtZFbAhDe",Nayib Bukele ğŸ‡¸ğŸ‡»,nayibbukele,2021-10-15 18:29:25,Fri Oct 15 18:29:25 +0000 2021,16749,2994,es,"<a href=""http://twitter.com/download/iphone"" rel=""nofollow"">Twitter for iPhone</a>",Tweet,,1,0,photo,https://pbs.twimg.com/media/FBwqkS-XIAYXJdd.jpg,,,,"Â¿Y los â€œperiodistasâ€ y â€œexpertosâ€ que no paraban de hablar cuando el #Bitcoin bajÃ³ 10%, ya dijeron algo ahora que subiÃ³ 45%?

Esta claro que no son ni â€œperiodistasâ€, ni â€œexpertosâ€, solo son activistas polÃ­ticos de oposiciÃ³n.

Eso es todo. Gente buscando con que atacar ğŸ¥± https://t.co/LOtZFbAhDe","And the ""journalists"" and ""experts"" who did not stop talking when the #BITCOIN lowered 10%, already said something now that it rose 45%?

It is clear that they are neither ""journalists"" nor ""experts"", are only political activists of opposition.

That's it.People looking for it to attack ğŸ¥± https://t.co/lotzfbahde",Neutral,Neutral,1,1,0,0,22737,903.0,_6H,1,0
1450640901836099589,"Ya tenemos aerolÃ­nea salvadoreÃ±a, de bajo costo y que acepta #Bitcoin

ğŸŒ‹ğŸ›«ğŸ‡¸ğŸ‡» @viajaVolaris https://t.co/mMqzxtOYhA",Nayib Bukele ğŸ‡¸ğŸ‡»,nayibbukele,2021-10-20 01:51:57,Wed Oct 20 01:51:57 +0000 2021,27789,3065,es,"<a href=""http://twitter.com/download/iphone"" rel=""nofollow"">Twitter for iPhone</a>",Tweet,,1,1,photo,https://pbs.twimg.com/media/FCG2NdzXIAM_yfL.jpg,,,,"Ya tenemos aerolÃ­nea salvadoreÃ±a, de bajo costo y que acepta #Bitcoin

ğŸŒ‹ğŸ›«ğŸ‡¸ğŸ‡» @viajaVolaris https://t.co/mMqzxtOYhA","We already have Salvadoran, low-cost airline that accepts #bitcoin

ğŸŒ‹ğŸ›«ğŸ‡¸ğŸ‡» @viajavolaris https://t.co/mmqzxtoyha.",Neutral,Positive,1,1,0,0,33919,6203.0,_6H,1,0
1451814057640710145,"Should we buy the dip?

Or is it too small? ğŸ¤”

Come on guys, we need a better discount here!

#BitcoinğŸŒ‹ğŸ‡¸ğŸ‡»",Nayib Bukele ğŸ‡¸ğŸ‡»,nayibbukele,2021-10-23 07:33:39,Sat Oct 23 07:33:39 +0000 2021,19337,1572,en,"<a href=""http://twitter.com/download/iphone"" rel=""nofollow"">Twitter for iPhone</a>",Tweet,,1,0,,,,,,"Should we buy the dip?

Or is it too small? ğŸ¤”

Come on guys, we need a better discount here!

#BitcoinğŸŒ‹ğŸ‡¸ğŸ‡»","Should we buy the dip?

Or is it too small? ğŸ¤”

Come on guys, we need a better discount here!

#BitcoinğŸŒ‹ğŸ‡¸ğŸ‡»",Neutral,Positive,1,1,0,0,22481,4662.0,_6H,1,0
1453461587948445697,"It was a long wait, but worth it.

We just bought the dip!

420 new #BitcoinğŸ‡¸ğŸ‡»",Nayib Bukele ğŸ‡¸ğŸ‡»,nayibbukele,2021-10-27 20:40:21,Wed Oct 27 20:40:21 +0000 2021,54245,6862,en,"<a href=""http://twitter.com/download/iphone"" rel=""nofollow"">Twitter for iPhone</a>",Tweet,,1,0,,,,,,"It was a long wait, but worth it.

We just bought the dip!

420 new #BitcoinğŸ‡¸ğŸ‡»","It was a long wait, but worth it.

We just bought the dip!

420 new #BitcoinğŸ‡¸ğŸ‡»",Neutral,Positive,1,1,0,0,67969,6547.0,_6H,1,0
1455321078830600195,"Hace SOLO TRES SEMANAS, anunciamos que harÃ­amos esto.

En ese tiempo solo era un render.

Ahora, les tenemos una sorpresa...

ğŸ¶ğŸ±#BitcoinğŸŒ‹ğŸ‡¸ğŸ‡»@chivowallet https://t.co/8Zm2oIbtzv",Nayib Bukele ğŸ‡¸ğŸ‡»,nayibbukele,2021-11-01 23:49:18,Mon Nov 01 23:49:18 +0000 2021,7134,1049,es,"<a href=""http://twitter.com/download/iphone"" rel=""nofollow"">Twitter for iPhone</a>",Tweet,https://twitter.com/nayibbukele/status/1447021351299072003 ,1,1,,,,,,"Hace SOLO TRES SEMANAS, anunciamos que harÃ­amos esto.

En ese tiempo solo era un render.

Ahora, les tenemos una sorpresa...

ğŸ¶ğŸ±#BitcoinğŸŒ‹ğŸ‡¸ğŸ‡»@chivowallet https://t.co/8Zm2oIbtzv","Just three weeks ago, we announce that we would do this.

At that time it was only a render.

Now, we have a surprise ...

ğŸ¶ğŸ± # BitcoinğŸŒ‹ğŸ‡¸ğŸ‡» @ chivowallet https://t.co/8zm2oibtzv",Neutral,Positive,1,1,0,0,9232,7389.0,_6H,1,0
1455383080831758340,"El diseÃ±o cambiÃ³ un poquito ğŸ˜‰

@chivopets @chivowallet #BitcoinğŸ¶ğŸ±ğŸ‡¸ğŸ‡» https://t.co/pzPNAvER8Q",Nayib Bukele ğŸ‡¸ğŸ‡»,nayibbukele,2021-11-02 03:55:40,Tue Nov 02 03:55:40 +0000 2021,7650,1036,es,"<a href=""http://twitter.com/download/iphone"" rel=""nofollow"">Twitter for iPhone</a>",Tweet,,1,2,video,https://video.twimg.com/ext_tw_video/1455349691026231297/pu/vid/640x360/dzspfbBk_Eudwsjo.mp4?tag=12,,,,"El diseÃ±o cambiÃ³ un poquito ğŸ˜‰

@chivopets @chivowallet #BitcoinğŸ¶ğŸ±ğŸ‡¸ğŸ‡» https://t.co/pzPNAvER8Q","The design changed a little ğŸ˜‰

@chivopets @chivowallet # BitcoinğŸ¶ğŸ±ğŸ‡¸ğŸ‡» https://t.co/pzpnaver8q",Neutral,Neutral,1,1,0,0,9722,246.0,1-6H,0,0
1456817126073831429,"Welcome ğŸ‡¸ğŸ‡»

#BitcoinğŸŒ‹ğŸ„ğŸ» https://t.co/wKrl5D4Mtz",Nayib Bukele ğŸ‡¸ğŸ‡»,nayibbukele,2021-11-06 02:54:03,Sat Nov 06 02:54:03 +0000 2021,6422,728,en,"<a href=""http://twitter.com/download/iphone"" rel=""nofollow"">Twitter for iPhone</a>",Tweet,https://twitter.com/stacyherbert/status/1456744563134156808 ,1,0,,,,,,"Welcome ğŸ‡¸ğŸ‡»

#BitcoinğŸŒ‹ğŸ„ğŸ» https://t.co/wKrl5D4Mtz","Welcome ğŸ‡¸ğŸ‡»

#BitcoinğŸŒ‹ğŸ„ğŸ» https://t.co/wKrl5D4Mtz",Positive,Positive,1,1,0,0,7878,5698.0,_6H,1,0
1457919970000658442,"#Bitcoin is at $68,000 ğŸ˜¬

More schools coming...

By the way, @chivopets, the new vet hospital we just announced, is coming fast...

Really fast! https://t.co/ywN6z4JL71",Nayib Bukele ğŸ‡¸ğŸ‡»,nayibbukele,2021-11-09 03:56:22,Tue Nov 09 03:56:22 +0000 2021,15574,2171,en,"<a href=""http://twitter.com/download/iphone"" rel=""nofollow"">Twitter for iPhone</a>",Tweet,,1,1,video,https://video.twimg.com/ext_tw_video/1457919879122673668/pu/pl/HY6nY6hjajqHmVNt.m3u8?tag=12&container=fmp4,,,,"#Bitcoin is at $68,000 ğŸ˜¬

More schools coming...

By the way, @chivopets, the new vet hospital we just announced, is coming fast...

Really fast! https://t.co/ywN6z4JL71","#Bitcoin is at $68,000 ğŸ˜¬

More schools coming...

By the way, @chivopets, the new vet hospital we just announced, is coming fast...

Really fast! https://t.co/ywN6z4JL71",Positive,Negative,1,1,0,0,19916,4382.0,_6H,1,0
1459015107942494229,"DecÃ­an que el #Bitcoin se utiliza para ilÃ­citos, pero en todas las incautaciones a crimÃ­nales, solo veo dÃ³lares. https://t.co/Y0jzQeKv6Y",Nayib Bukele ğŸ‡¸ğŸ‡»,nayibbukele,2021-11-12 04:28:03,Fri Nov 12 04:28:03 +0000 2021,7016,1325,es,"<a href=""http://twitter.com/download/iphone"" rel=""nofollow"">Twitter for iPhone</a>",Tweet,https://twitter.com/PNCSV/status/1459007911125000194 ,1,0,,,,,,"DecÃ­an que el #Bitcoin se utiliza para ilÃ­citos, pero en todas las incautaciones a crimÃ­nales, solo veo dÃ³lares. https://t.co/Y0jzQeKv6Y","They said that the #BITCOIN is used for illicit, but in all seizures to criminals, I only see dollars.https://t.co/y0jzqekv6y.",Neutral,Negative,1,1,0,0,9666,4352.0,_6H,1,0
1459731168115445763,"Ready for #BitcoinWeek?

ğŸŒ‹ November 15-20

ğŸŸï¸ Tickets sold here https://t.co/xYQQmD2qnM

@labitconf #BitcoinğŸ‡¸ğŸ‡» https://t.co/gKYRSs3gP2",Nayib Bukele ğŸ‡¸ğŸ‡»,nayibbukele,2021-11-14 03:53:25,Sun Nov 14 03:53:25 +0000 2021,6450,1273,en,"<a href=""http://twitter.com/download/iphone"" rel=""nofollow"">Twitter for iPhone</a>",Tweet,http://labitconf.com ,2,1,video,https://video.twimg.com/ext_tw_video/1459731076826415106/pu/pl/tZNt2GUhojFPx5ea.m3u8?tag=12&container=fmp4,,,,"Ready for #BitcoinWeek?

ğŸŒ‹ November 15-20

ğŸŸï¸ Tickets sold here https://t.co/xYQQmD2qnM

@labitconf #BitcoinğŸ‡¸ğŸ‡» https://t.co/gKYRSs3gP2","Ready for #BitcoinWeek?

ğŸŒ‹ November 15-20

ğŸŸï¸ Tickets sold here https://t.co/xYQQmD2qnM

@labitconf #BitcoinğŸ‡¸ğŸ‡» https://t.co/gKYRSs3gP2",Negative,Positive,1,1,0,0,8996,2845.0,_6H,1,0
1460066610853683207,Caffeinated #bitcoin â˜•ï¸ https://t.co/68VM6aOz4m,Nayib Bukele ğŸ‡¸ğŸ‡»,nayibbukele,2021-11-15 02:06:21,Mon Nov 15 02:06:21 +0000 2021,4968,623,en,"<a href=""http://twitter.com/download/iphone"" rel=""nofollow"">Twitter for iPhone</a>",Tweet,https://twitter.com/Excellion/status/1460048114010759176 ,1,0,,,,,,Caffeinated #bitcoin â˜•ï¸ https://t.co/68VM6aOz4m,Caffeinated #bitcoin â˜•ï¸ https://t.co/68VM6aOz4m,Neutral,Neutral,1,1,0,0,6214,1333.0,_6H,1,0
1460068980371202051,#Bitcoin is being powered with beauty ğŸŒ‹ https://t.co/fH6HFDTNqK,Nayib Bukele ğŸ‡¸ğŸ‡»,nayibbukele,2021-11-15 02:15:46,Mon Nov 15 02:15:46 +0000 2021,7215,851,en,"<a href=""http://twitter.com/download/iphone"" rel=""nofollow"">Twitter for iPhone</a>",Tweet,https://twitter.com/LightRider5/status/1460056742222606342 ,1,0,,,,,,#Bitcoin is being powered with beauty ğŸŒ‹ https://t.co/fH6HFDTNqK,#Bitcoin is being powered with beauty ğŸŒ‹ https://t.co/fH6HFDTNqK,Neutral,Positive,1,1,0,0,8917,9.0,0-1H,0,1
1460073731456446468,"There is one country on Earth, where there are more people using #Bitcoin wallets than bank accounts.

Prolly nothing. https://t.co/bZb4M6XZZZ",Nayib Bukele ğŸ‡¸ğŸ‡»,nayibbukele,2021-11-15 02:34:39,Mon Nov 15 02:34:39 +0000 2021,8943,1223,en,"<a href=""http://twitter.com/download/iphone"" rel=""nofollow"">Twitter for iPhone</a>",Tweet,https://twitter.com/BitcoinMagazine/status/1459870148156870658 ,1,0,,,,,,"There is one country on Earth, where there are more people using #Bitcoin wallets than bank accounts.

Prolly nothing. https://t.co/bZb4M6XZZZ","There is one country on Earth, where there are more people using #Bitcoin wallets than bank accounts.

Prolly nothing. https://t.co/bZb4M6XZZZ",Positive,Neutral,1,1,0,0,11389,19.0,0-1H,0,1
1460086310555815941,Is this becoming #Bitcoin Woodstock? https://t.co/6eC1L8ljog,Nayib Bukele ğŸ‡¸ğŸ‡»,nayibbukele,2021-11-15 03:24:38,Mon Nov 15 03:24:38 +0000 2021,6269,850,en,"<a href=""http://twitter.com/download/iphone"" rel=""nofollow"">Twitter for iPhone</a>",Tweet,https://twitter.com/josepimpo/status/1460040505316753411 ,1,0,,,,,,Is this becoming #Bitcoin Woodstock? https://t.co/6eC1L8ljog,Is this becoming #Bitcoin Woodstock? https://t.co/6eC1L8ljog,Positive,Neutral,1,1,0,0,7969,50.0,0-1H,0,0
1460313579849142276,Multi national giants like @McDonalds accept #Bitcoin in El Salvador ğŸ‡¸ğŸ‡» https://t.co/fNklP4R5Am,Nayib Bukele ğŸ‡¸ğŸ‡»,nayibbukele,2021-11-15 18:27:43,Mon Nov 15 18:27:43 +0000 2021,8675,1331,en,"<a href=""http://twitter.com/download/iphone"" rel=""nofollow"">Twitter for iPhone</a>",Tweet,https://twitter.com/arcbtc/status/1460294764335665155 ,1,1,,,,,,Multi national giants like @McDonalds accept #Bitcoin in El Salvador ğŸ‡¸ğŸ‡» https://t.co/fNklP4R5Am,Multi national giants like @McDonalds accept #Bitcoin in El Salvador ğŸ‡¸ğŸ‡» https://t.co/fNklP4R5Am,Neutral,Positive,1,1,0,0,11337,903.0,_6H,1,0
1460341746152452102,"Where El Salvador of the past meets El Salvador of the future.

#BitcoinğŸŒ‹ğŸ‡¸ğŸ‡» https://t.co/33IYbrjHnH",Nayib Bukele ğŸ‡¸ğŸ‡»,nayibbukele,2021-11-15 20:19:38,Mon Nov 15 20:19:38 +0000 2021,4508,712,en,"<a href=""http://twitter.com/download/iphone"" rel=""nofollow"">Twitter for iPhone</a>",Tweet,https://twitter.com/paxful/status/1460266465005867020 ,1,0,,,,,,"Where El Salvador of the past meets El Salvador of the future.

#BitcoinğŸŒ‹ğŸ‡¸ğŸ‡» https://t.co/33IYbrjHnH","Where El Salvador of the past meets El Salvador of the future.

#BitcoinğŸŒ‹ğŸ‡¸ğŸ‡» https://t.co/33IYbrjHnH",Neutral,Neutral,1,1,0,0,5932,112.0,1-6H,0,0
1460611217148588044,"Have the munchies?

#Bitcoin fixes this! https://t.co/OdEfRQBVt2",Nayib Bukele ğŸ‡¸ğŸ‡»,nayibbukele,2021-11-16 14:10:25,Tue Nov 16 14:10:25 +0000 2021,4862,626,en,"<a href=""http://twitter.com/download/iphone"" rel=""nofollow"">Twitter for iPhone</a>",Tweet,https://twitter.com/BitcoinMagazine/status/1460608948655042567 ,1,0,,,,,,"Have the munchies?

#Bitcoin fixes this! https://t.co/OdEfRQBVt2","Have the munchies?

#Bitcoin fixes this! https://t.co/OdEfRQBVt2",Neutral,Neutral,1,1,0,0,6114,1071.0,_6H,1,0
1460724231642173449,#Bitcoin is good for brewing. https://t.co/Z7FL2my64s,Nayib Bukele ğŸ‡¸ğŸ‡»,nayibbukele,2021-11-16 21:39:30,Tue Nov 16 21:39:30 +0000 2021,3571,441,en,"<a href=""http://twitter.com/download/iphone"" rel=""nofollow"">Twitter for iPhone</a>",Tweet,https://twitter.com/matthias_reder/status/1460679558622068739 ,1,0,,,,,,#Bitcoin is good for brewing. https://t.co/Z7FL2my64s,#Bitcoin is good for brewing. https://t.co/Z7FL2my64s,Positive,Positive,1,1,0,0,4453,449.0,_6H,1,0
1460735613771071494,"Funny that this place is called â€œdollarâ€ city.

#BitcoinğŸ‡¸ğŸ‡» https://t.co/KqyiqUp6zf",Nayib Bukele ğŸ‡¸ğŸ‡»,nayibbukele,2021-11-16 22:24:44,Tue Nov 16 22:24:44 +0000 2021,5741,673,en,"<a href=""http://twitter.com/download/iphone"" rel=""nofollow"">Twitter for iPhone</a>",Tweet,https://twitter.com/LightRider5/status/1460408073319759874 ,1,0,,,,,,"Funny that this place is called â€œdollarâ€ city.

#BitcoinğŸ‡¸ğŸ‡» https://t.co/KqyiqUp6zf","Funny that this place is called â€œdollarâ€ city.

#BitcoinğŸ‡¸ğŸ‡» https://t.co/KqyiqUp6zf",Positive,Positive,1,1,0,0,7087,45.0,0-1H,0,1
1461211338911498244,#Bitcoin is powered by hope. https://t.co/b7kivBoCW1,Nayib Bukele ğŸ‡¸ğŸ‡»,nayibbukele,2021-11-18 05:55:05,Thu Nov 18 05:55:05 +0000 2021,5898,656,en,"<a href=""http://twitter.com/download/iphone"" rel=""nofollow"">Twitter for iPhone</a>",Tweet,https://twitter.com/camilacampton/status/1461131600905789440 ,1,0,,,,,,#Bitcoin is powered by hope. https://t.co/b7kivBoCW1,#Bitcoin is powered by hope. https://t.co/b7kivBoCW1,Neutral,Positive,1,1,0,0,7210,1890.0,_6H,1,0
1461498556251000838,"Is @chivopets being built too fast? ğŸ¤”

#BitcoinğŸ¶ https://t.co/ce1T3yxWNJ",Nayib Bukele ğŸ‡¸ğŸ‡»,nayibbukele,2021-11-19 00:56:23,Fri Nov 19 00:56:23 +0000 2021,9209,1005,en,"<a href=""http://twitter.com/download/iphone"" rel=""nofollow"">Twitter for iPhone</a>",Tweet,,1,1,photo,https://pbs.twimg.com/media/FEhJJyaXoAM4gWJ.jpg,,,,"Is @chivopets being built too fast? ğŸ¤”

#BitcoinğŸ¶ https://t.co/ce1T3yxWNJ","Is @chivopets being built too fast? ğŸ¤”

#BitcoinğŸ¶ https://t.co/ce1T3yxWNJ",Negative,Neutral,1,1,0,0,11219,1141.0,_6H,1,0
1461565479890436097,"El sÃ¡bado me toca hablar a mÃ­ en @labitconf ğŸ˜¬

Saturday is my turn at @labitconf ğŸ¤ª

#BitcoinğŸŒ‹ğŸ‡¸ğŸ‡» https://t.co/xa62k80Qh0",Nayib Bukele ğŸ‡¸ğŸ‡»,nayibbukele,2021-11-19 05:22:19,Fri Nov 19 05:22:19 +0000 2021,9151,1310,es,"<a href=""http://twitter.com/download/iphone"" rel=""nofollow"">Twitter for iPhone</a>",Tweet,,1,2,photo,https://pbs.twimg.com/media/FEiGDtkXsAE2dpq.jpg,,,,"El sÃ¡bado me toca hablar a mÃ­ en @labitconf ğŸ˜¬

Saturday is my turn at @labitconf ğŸ¤ª

#BitcoinğŸŒ‹ğŸ‡¸ğŸ‡» https://t.co/xa62k80Qh0","On Saturday I have to speak to me in @labitconf ğŸ˜¬

Saturday is my turn at @labitconf ğŸ¤ª

# BitcoinğŸŒ‹ğŸ‡¸ğŸ‡» https://t.co/xa62k80qh0",Neutral,Negative,1,1,0,0,11771,266.0,1-6H,0,0
1461804945766768644,The cocaine seized today by our Navy is worth over a 1000 #bitcoin https://t.co/MmL0N27kB1,Nayib Bukele ğŸ‡¸ğŸ‡»,nayibbukele,2021-11-19 21:13:52,Fri Nov 19 21:13:52 +0000 2021,7557,982,en,"<a href=""http://twitter.com/download/iphone"" rel=""nofollow"">Twitter for iPhone</a>",Tweet,https://twitter.com/nayibbukele/status/1461784905545879566 ,1,0,,,,,,The cocaine seized today by our Navy is worth over a 1000 #bitcoin https://t.co/MmL0N27kB1,The cocaine seized today by our Navy is worth over a 1000 #bitcoin https://t.co/MmL0N27kB1,Positive,Positive,1,1,0,0,9521,952.0,_6H,1,0
1462141281430380545,#Bitcoin is good for surfing ğŸ„ğŸ»â€â™‚ï¸ https://t.co/OxNtIo84zD,Nayib Bukele ğŸ‡¸ğŸ‡»,nayibbukele,2021-11-20 19:30:21,Sat Nov 20 19:30:21 +0000 2021,6262,719,en,"<a href=""http://twitter.com/download/iphone"" rel=""nofollow"">Twitter for iPhone</a>",Tweet,https://twitter.com/romanmartinezc/status/1462047668268675081 ,1,0,,,,,,#Bitcoin is good for surfing ğŸ„ğŸ»â€â™‚ï¸ https://t.co/OxNtIo84zD,#Bitcoin is good for surfing ğŸ„ğŸ»â€â™‚ï¸ https://t.co/OxNtIo84zD,Positive,Positive,1,1,0,0,7700,1336.0,_6H,1,0
1462513741795315718,Special thanks to @maxkeiser for inspiring #VolcanoBonds ğŸŒ‹ğŸ‡¸ğŸ‡»,Nayib Bukele ğŸ‡¸ğŸ‡»,nayibbukele,2021-11-21 20:10:22,Sun Nov 21 20:10:22 +0000 2021,12918,1351,en,"<a href=""http://twitter.com/download/iphone"" rel=""nofollow"">Twitter for iPhone</a>",Tweet,,1,1,,,,,,Special thanks to @maxkeiser for inspiring #VolcanoBonds ğŸŒ‹ğŸ‡¸ğŸ‡»,Special thanks to @maxkeiser for inspiring #VolcanoBonds ğŸŒ‹ğŸ‡¸ğŸ‡»,Positive,Positive,1,0,1,0,15620,1480.0,_6H,1,0
1462905893331390467,#BitcoinCity is going global ğŸŒ https://t.co/xbf1oMasIQ,Nayib Bukele ğŸ‡¸ğŸ‡»,nayibbukele,2021-11-22 22:08:39,Mon Nov 22 22:08:39 +0000 2021,8005,1623,en,"<a href=""http://twitter.com/download/iphone"" rel=""nofollow"">Twitter for iPhone</a>",Tweet,,1,0,video,https://video.twimg.com/ext_tw_video/1462892224283394059/pu/vid/1280x720/jnqs8xM8dnPgFPaz.mp4?tag=12,,,,#BitcoinCity is going global ğŸŒ https://t.co/xbf1oMasIQ,#BitcoinCity is going global ğŸŒ https://t.co/xbf1oMasIQ,Neutral,Neutral,1,1,0,0,11251,1558.0,_6H,1,0
1462937714421030915,"El Fondo Monetario Internacional (@IMFNews) acaba de publicar su evaluaciÃ³n tÃ©cnica de El Salvador, del aÃ±o 2021.

Y aunque obviamente no estamos de acuerdo en algunas cosas, como la adopciÃ³n del #Bitcoin, es interesante el anÃ¡lisis que hacen de nuestro paÃ­s ğŸ‡¸ğŸ‡»

Sigue... https://t.co/Z8qSv7PntC",Nayib Bukele ğŸ‡¸ğŸ‡»,nayibbukele,2021-11-23 00:15:05,Tue Nov 23 00:15:05 +0000 2021,4082,902,es,"<a href=""http://twitter.com/download/iphone"" rel=""nofollow"">Twitter for iPhone</a>",Tweet,,1,1,photo,https://pbs.twimg.com/media/FE1mGMKWYAUTYAI.jpg,,,,"El Fondo Monetario Internacional (@IMFNews) acaba de publicar su evaluaciÃ³n tÃ©cnica de El Salvador, del aÃ±o 2021.

Y aunque obviamente no estamos de acuerdo en algunas cosas, como la adopciÃ³n del #Bitcoin, es interesante el anÃ¡lisis que hacen de nuestro paÃ­s ğŸ‡¸ğŸ‡»

Sigue... https://t.co/Z8qSv7PntC","The International Monetary Fund (@imfnews) has just published its technical assessment of El Salvador, of the year 2021.

And although obviously we do not agree on some things, such as the adoption of #BITCOIN, the analysis they make of our country is interesting ğŸ‡¸ğŸ‡»

Follow ... https://t.co/z8qsv7pntc.",Neutral,Positive,1,1,0,0,5886,126.0,1-6H,0,0
1463672975270498308,#BitcoinCity https://t.co/GfQImitLRy,Nayib Bukele ğŸ‡¸ğŸ‡»,nayibbukele,2021-11-25 00:56:45,Thu Nov 25 00:56:45 +0000 2021,16992,3663,und,"<a href=""https://studio.twitter.com"" rel=""nofollow"">Twitter Media Studio</a>",Tweet,,1,0,video,https://video.twimg.com/amplify_video/1463671686163750912/vid/480x270/hI8Jkn6bC_sy87gx.mp4?tag=14,,,,#BitcoinCity https://t.co/GfQImitLRy,#BitcoinCity https://t.co/GfQImitLRy,Neutral,Neutral,1,1,0,0,24318,2922.0,_6H,1,0
1464307422793715716,"El Salvador just bought the dip.

100 extra coins acquired with a discount ğŸ¥³

#BitcoinÂ ğŸ‡¸ğŸ‡»",Nayib Bukele ğŸ‡¸ğŸ‡»,nayibbukele,2021-11-26 18:57:49,Fri Nov 26 18:57:49 +0000 2021,63244,8241,en,"<a href=""http://twitter.com/download/iphone"" rel=""nofollow"">Twitter for iPhone</a>",Tweet,,1,0,,,,,,"El Salvador just bought the dip.

100 extra coins acquired with a discount ğŸ¥³

#BitcoinÂ ğŸ‡¸ğŸ‡»","El Salvador just bought the dip.

100 extra coins acquired with a discount ğŸ¥³

#BitcoinÂ ğŸ‡¸ğŸ‡»",Neutral,Positive,1,1,0,0,79726,2521.0,_6H,1,0
1464680542847254538,"Bank of England is â€œworriedâ€ about El Salvadorâ€™s adoption of #Bitcoin?

Really?

I guess Bank of Englandâ€™s interest in the well-being of our people is genuine.

Right?

I mean, they have always cared about our people. Always.

Gotta love Bank of England ğŸ˜
https://t.co/qsQNdw8h7L",Nayib Bukele ğŸ‡¸ğŸ‡»,nayibbukele,2021-11-27 19:40:28,Sat Nov 27 19:40:28 +0000 2021,20387,3622,en,"<a href=""http://twitter.com/download/iphone"" rel=""nofollow"">Twitter for iPhone</a>",Tweet,https://cryptoslate.com/bank-of-england-chief-expresses-concern-over-el-salvadors-bitcoin-experiment/ ,1,0,,,,,,"Bank of England is â€œworriedâ€ about El Salvadorâ€™s adoption of #Bitcoin?

Really?

I guess Bank of Englandâ€™s interest in the well-being of our people is genuine.

Right?

I mean, they have always cared about our people. Always.

Gotta love Bank of England ğŸ˜
https://t.co/qsQNdw8h7L","Bank of England is â€œworriedâ€ about El Salvadorâ€™s adoption of #Bitcoin?

Really?

I guess Bank of Englandâ€™s interest in the well-being of our people is genuine.

Right?

I mean, they have always cared about our people. Always.

Gotta love Bank of England ğŸ˜
https://t.co/qsQNdw8h7L",Positive,Positive,1,1,0,0,27631,1483.0,_6H,1,0
1465749461762781190,"La oposiciÃ³n pasÃ³ 3 meses con su campaÃ±a de NO AL #BITCOIN.

Ahora que su campaÃ±a fracasÃ³, han dado la instrucciÃ³n de cambiar el discurso.

Ahora dicen que ya no es #Bitcoin el problema.

Jajajaja tendrÃ¡n que cambiar todas las camisetas y calcomanÃ­as de ğŸš« al #BitcoinğŸ˜‚",Nayib Bukele ğŸ‡¸ğŸ‡»,nayibbukele,2021-11-30 18:27:58,Tue Nov 30 18:27:58 +0000 2021,8653,1372,es,"<a href=""http://twitter.com/download/iphone"" rel=""nofollow"">Twitter for iPhone</a>",Tweet,,3,0,,,,,,"La oposiciÃ³n pasÃ³ 3 meses con su campaÃ±a de NO AL #BITCOIN.

Ahora que su campaÃ±a fracasÃ³, han dado la instrucciÃ³n de cambiar el discurso.

Ahora dicen que ya no es #Bitcoin el problema.

Jajajaja tendrÃ¡n que cambiar todas las camisetas y calcomanÃ­as de ğŸš« al #BitcoinğŸ˜‚","The opposition spent 3 months with his non-tasty campaign.

Now that your campaign failed, they have given the instruction to change the speech.

Now they say that it is no longer #bitcoin the problem.

Hahahaha will have to change all t-shirts and decals from ğŸš« al # BitcoinğŸ˜‚",Neutral,Negative,1,1,0,0,11397,4248.0,_6H,1,0
1465766158943014923,Pero ellos dicen que â€œnunca han estado en contra del #Bitcoinâ€ ğŸ˜‚ https://t.co/1HGmTuaRMY,Nayib Bukele ğŸ‡¸ğŸ‡»,nayibbukele,2021-11-30 19:34:19,Tue Nov 30 19:34:19 +0000 2021,7313,1100,es,"<a href=""http://twitter.com/download/iphone"" rel=""nofollow"">Twitter for iPhone</a>",Tweet,,1,0,photo,https://pbs.twimg.com/media/FFdyjPyWQBEyeNd.jpg,https://pbs.twimg.com/media/FFdyjPyWUAoNUcN.jpg,https://pbs.twimg.com/media/FFdyjPzXMAA5Izk.jpg,https://pbs.twimg.com/media/FFdyjPzXsAA-Z4b.jpg,Pero ellos dicen que â€œnunca han estado en contra del #Bitcoinâ€ ğŸ˜‚ https://t.co/1HGmTuaRMY,"But they say that ""they have never been against #bitcoin"" ğŸ˜‚ https://t.co/1hgmtuarmy",Neutral,Positive,1,1,0,0,9513,66.0,1-6H,0,0
1465809802853036049,"Dice el prÃ³fugo, referente de la oposiciÃ³n y ahora ciudadano nicaragÃ¼ense, que la prÃ³xima marcha ya no serÃ¡ contra el #Bitcoin, sino que van a dar nuevas camisetas y ahora serÃ¡ en defensa de la â€œinstitucionalidad democrÃ¡ticaâ€ que ha sido â€œmancilladaâ€ por mÃ­ ğŸ¥² https://t.co/vDEIbuHzT2",Nayib Bukele ğŸ‡¸ğŸ‡»,nayibbukele,2021-11-30 22:27:45,Tue Nov 30 22:27:45 +0000 2021,4465,730,es,"<a href=""http://twitter.com/download/iphone"" rel=""nofollow"">Twitter for iPhone</a>",Tweet,https://twitter.com/FunesCartagena/status/1465667289940959237 ,1,0,,,,,,"Dice el prÃ³fugo, referente de la oposiciÃ³n y ahora ciudadano nicaragÃ¼ense, que la prÃ³xima marcha ya no serÃ¡ contra el #Bitcoin, sino que van a dar nuevas camisetas y ahora serÃ¡ en defensa de la â€œinstitucionalidad democrÃ¡ticaâ€ que ha sido â€œmancilladaâ€ por mÃ­ ğŸ¥² https://t.co/vDEIbuHzT2","Says the PrÃ³fugo, a reference of the opposition and now Nicaraguan citizen, that the next march will no longer be against the #BITCOIN, but they will give new shirts and now it will be in defense of the ""democratic institutionality"" that has been ""stained"" byme ğŸ¥² https://t.co/vdeibuhzt2.",Neutral,Neutral,1,1,0,0,5925,173.0,1-6H,0,0
1466054439471562752,â€œEl Salvador podrÃ¡ saldar absolutamente toda su deuda externa con los bonos #Bitcoinâ€ https://t.co/eXYfvxFByR,Nayib Bukele ğŸ‡¸ğŸ‡»,nayibbukele,2021-12-01 14:39:51,Wed Dec 01 14:39:51 +0000 2021,8533,1727,es,"<a href=""http://twitter.com/download/iphone"" rel=""nofollow"">Twitter for iPhone</a>",Tweet,https://twitter.com/ActualidadRT/status/1466046929054359554 ,1,0,,,,,,â€œEl Salvador podrÃ¡ saldar absolutamente toda su deuda externa con los bonos #Bitcoinâ€ https://t.co/eXYfvxFByR,"""El Salvador can take absolutely all its external debt with the #Bitcoin bonds"" https://t.co/exyfvxfbyr",Neutral,Negative,1,1,0,0,11987,972.0,_6H,1,0
1467000621354135555,"El Salvador just bought the dip! ğŸ‡¸ğŸ‡»

150 coins at an average USD price of ~$48,670 ğŸ¥³

#BitcoinğŸ„",Nayib Bukele ğŸ‡¸ğŸ‡»,nayibbukele,2021-12-04 05:19:38,Sat Dec 04 05:19:38 +0000 2021,70906,9525,en,"<a href=""http://twitter.com/download/iphone"" rel=""nofollow"">Twitter for iPhone</a>",Tweet,,1,0,,,,,,"El Salvador just bought the dip! ğŸ‡¸ğŸ‡»

150 coins at an average USD price of ~$48,670 ğŸ¥³

#BitcoinğŸ„","El Salvador just bought the dip! ğŸ‡¸ğŸ‡»

150 coins at an average USD price of ~$48,670 ğŸ¥³

#BitcoinğŸ„",Neutral,Positive,1,1,0,0,89956,3760.0,_6H,1,0
1467216871846027274,"None.

Weâ€™re already in the green from our last purchase, in less than 24 hours.

You know boomer, we have 44,106 oz of gold in our reserves.

Worth $79 million, down 0.37% from a year ago.

If we had sold it a year ago and bought #Bitcoin, it would now be valued at $204 million. https://t.co/e5z9cVsfjg",Nayib Bukele ğŸ‡¸ğŸ‡»,nayibbukele,2021-12-04 19:38:56,Sat Dec 04 19:38:56 +0000 2021,54799,8299,en,"<a href=""http://twitter.com/download/iphone"" rel=""nofollow"">Twitter for iPhone</a>",Tweet,https://twitter.com/PeterSchiff/status/1467007915949187074 ,1,0,,,,,,"None.

Weâ€™re already in the green from our last purchase, in less than 24 hours.

You know boomer, we have 44,106 oz of gold in our reserves.

Worth $79 million, down 0.37% from a year ago.

If we had sold it a year ago and bought #Bitcoin, it would now be valued at $204 million. https://t.co/e5z9cVsfjg","None.

Weâ€™re already in the green from our last purchase, in less than 24 hours.

You know boomer, we have 44,106 oz of gold in our reserves.

Worth $79 million, down 0.37% from a year ago.

If we had sold it a year ago and bought #Bitcoin, it would now be valued at $204 million. https://t.co/e5z9cVsfjg",Neutral,Positive,1,1,0,0,71397,859.0,_6H,1,0
1469792295935426562,"Just 1 month and 10 days after we started the construction of @chivopets.

Solo 1 mes con 10 dÃ­as desde que pusimos la primera piedra de @chivopets.

#Bitcoin is good for pets ğŸ¶ https://t.co/BJr6KEz1b8",Nayib Bukele ğŸ‡¸ğŸ‡»,nayibbukele,2021-12-11 22:12:45,Sat Dec 11 22:12:45 +0000 2021,9950,1247,en,"<a href=""http://twitter.com/download/iphone"" rel=""nofollow"">Twitter for iPhone</a>",Tweet,,1,2,photo,https://pbs.twimg.com/media/FGXATPVXIAEZDEm.jpg,https://pbs.twimg.com/media/FGXATUjXoAY1nNQ.jpg,https://pbs.twimg.com/media/FGXATPQXsAkdVlk.jpg,https://pbs.twimg.com/media/FGXATPTXoAQA9mG.jpg,"Just 1 month and 10 days after we started the construction of @chivopets.

Solo 1 mes con 10 dÃ­as desde que pusimos la primera piedra de @chivopets.

#Bitcoin is good for pets ğŸ¶ https://t.co/BJr6KEz1b8","Just 1 month and 10 days after we started the construction of @chivopets.

Solo 1 mes con 10 dÃ­as desde que pusimos la primera piedra de @chivopets.

#Bitcoin is good for pets ğŸ¶ https://t.co/BJr6KEz1b8",Positive,Positive,1,1,0,0,12444,10234.0,_6H,1,0
1473486950178897924,"El Salvadorâ€™s entire size is 21,000 km2

Coincidence? I donâ€™t think so!

#BitcoinğŸ‡¸ğŸ‡»",Nayib Bukele ğŸ‡¸ğŸ‡»,nayibbukele,2021-12-22 02:53:59,Wed Dec 22 02:53:59 +0000 2021,25435,2317,en,"<a href=""http://twitter.com/download/iphone"" rel=""nofollow"">Twitter for iPhone</a>",Tweet,,1,0,,,,,,"El Salvadorâ€™s entire size is 21,000 km2

Coincidence? I donâ€™t think so!

#BitcoinğŸ‡¸ğŸ‡»","El Salvadorâ€™s entire size is 21,000 km2

Coincidence? I donâ€™t think so!

#BitcoinğŸ‡¸ğŸ‡»",Neutral,Neutral,1,1,0,0,30069,14681.0,_6H,1,0
1473489844521385985,And we are buying 21 #bitcoin for the occasion ğŸ¥³ https://t.co/xKo80nhYOn,Nayib Bukele ğŸ‡¸ğŸ‡»,nayibbukele,2021-12-22 03:05:29,Wed Dec 22 03:05:29 +0000 2021,7263,817,en,"<a href=""http://twitter.com/download/iphone"" rel=""nofollow"">Twitter for iPhone</a>",Tweet,https://twitter.com/nayibbukele/status/1473489211999277057 ,1,0,,,,,,And we are buying 21 #bitcoin for the occasion ğŸ¥³ https://t.co/xKo80nhYOn,And we are buying 21 #bitcoin for the occasion ğŸ¥³ https://t.co/xKo80nhYOn,Neutral,Positive,1,1,0,0,8897,12.0,0-1H,0,1
1474119003169865728,"What has been called by international organizations as â€œThe #Bitcoin Experimentâ€, is nothing more than the world watching how mass adoption changes a countryâ€™s economy.

If itâ€™s for the good, itâ€™s game over for FIAT.

El Salvador is the spark that ignites the real revolution.",Nayib Bukele ğŸ‡¸ğŸ‡»,nayibbukele,2021-12-23 20:45:32,Thu Dec 23 20:45:32 +0000 2021,38763,6528,en,"<a href=""http://twitter.com/download/iphone"" rel=""nofollow"">Twitter for iPhone</a>",Tweet,,1,0,,,,,,"What has been called by international organizations as â€œThe #Bitcoin Experimentâ€, is nothing more than the world watching how mass adoption changes a countryâ€™s economy.

If itâ€™s for the good, itâ€™s game over for FIAT.

El Salvador is the spark that ignites the real revolution.","What has been called by international organizations as â€œThe #Bitcoin Experimentâ€, is nothing more than the world watching how mass adoption changes a countryâ€™s economy.

If itâ€™s for the good, itâ€™s game over for FIAT.

El Salvador is the spark that ignites the real revolution.",Negative,Positive,1,1,0,0,51819,2500.0,_6H,1,0
1475624733123268611,"Nuestra Fuerza Naval acaba de realizar la incautaciÃ³n de droga mÃ¡s grande del #PlanControlTerritorial (superando el rÃ©cord de la de hace unas semanas).

â€¢Son 4,156 kilos de cocaÃ­na
â€¢Valorada aproximadamente en 103 millones 900 mil dÃ³lares.
â€¢O aproximadamente 2,050 #Bitcoin https://t.co/RMnCMQVJX5",Nayib Bukele ğŸ‡¸ğŸ‡»,nayibbukele,2021-12-28 00:28:46,Tue Dec 28 00:28:46 +0000 2021,8924,1678,es,"<a href=""http://twitter.com/download/iphone"" rel=""nofollow"">Twitter for iPhone</a>",Tweet,,2,0,photo,https://pbs.twimg.com/media/FHp4356XwAEs-mz.jpg,https://pbs.twimg.com/media/FHp4355XMAEEvIS.jpg,https://pbs.twimg.com/media/FHp4356XsAIQkCE.jpg,,"Nuestra Fuerza Naval acaba de realizar la incautaciÃ³n de droga mÃ¡s grande del #PlanControlTerritorial (superando el rÃ©cord de la de hace unas semanas).

â€¢Son 4,156 kilos de cocaÃ­na
â€¢Valorada aproximadamente en 103 millones 900 mil dÃ³lares.
â€¢O aproximadamente 2,050 #Bitcoin https://t.co/RMnCMQVJX5","Our naval force has just made the largest drug seizure of the #Planchontrolterritorial (exceeding the record of a few weeks ago).

â€¢ There are 4,156 kilos of cocaine
â€¢ Approximately approximately 103 million 900 thousand dollars.
â€¢ or approximately 2,050 #bitcoin https://t.co/rmincmqvjx5",Negative,Neutral,1,1,0,0,12280,5983.0,_6H,1,0
1477464599612076038,"2022 predictions on #Bitcoin:

â€¢Will reach $100k
â€¢2 more countries will adopt it as legal tender
â€¢Will become a major electoral issue in US elections this year
â€¢Bitcoin City will commence construction
â€¢Volcano bonds will be oversubscribed
â€¢Huge surprise at @TheBitcoinConf",Nayib Bukele ğŸ‡¸ğŸ‡»,nayibbukele,2022-01-02 02:19:45,Sun Jan 02 02:19:45 +0000 2022,37776,7156,en,"<a href=""http://twitter.com/download/iphone"" rel=""nofollow"">Twitter for iPhone</a>",Tweet,,1,1,,,,,,"2022 predictions on #Bitcoin:

â€¢Will reach $100k
â€¢2 more countries will adopt it as legal tender
â€¢Will become a major electoral issue in US elections this year
â€¢Bitcoin City will commence construction
â€¢Volcano bonds will be oversubscribed
â€¢Huge surprise at @TheBitcoinConf","2022 predictions on #Bitcoin:

â€¢Will reach $100k
â€¢2 more countries will adopt it as legal tender
â€¢Will become a major electoral issue in US elections this year
â€¢Bitcoin City will commence construction
â€¢Volcano bonds will be oversubscribed
â€¢Huge surprise at @TheBitcoinConf",Positive,Positive,3,1,1,1,52088,7311.0,_6H,1,0
1478188076841197568,"#Bitcoin has started its teenage years.

It'll be a fun ride.

Brace yourselves!",Nayib Bukele ğŸ‡¸ğŸ‡»,nayibbukele,2022-01-04 02:14:35,Tue Jan 04 02:14:35 +0000 2022,16729,1717,en,"<a href=""http://twitter.com/download/iphone"" rel=""nofollow"">Twitter for iPhone</a>",Tweet,,1,0,,,,,,"#Bitcoin has started its teenage years.

It'll be a fun ride.

Brace yourselves!","#Bitcoin has started its teenage years.

It'll be a fun ride.

Brace yourselves!",Neutral,Positive,1,1,0,0,20163,2875.0,_6H,1,0
1478596051879739392,"Itâ€™s to cover and guarantee the #Bitcoin #VolcanoBonds, but also a full re-engineering of the economy and of the way a nation state does business.

Everybody searching for freedom: this is the place to come ğŸ‡¸ğŸ‡»https://t.co/zupEKC3usB",Nayib Bukele ğŸ‡¸ğŸ‡»,nayibbukele,2022-01-05 05:15:44,Wed Jan 05 05:15:44 +0000 2022,7486,1266,en,"<a href=""http://twitter.com/download/iphone"" rel=""nofollow"">Twitter for iPhone</a>",Tweet,https://www.reuters.com/markets/rates-bonds/el-salvador-plans-raft-legislation-cover-bitcoin-bond-issue-2022-01-04/ ,2,0,,,,,,"Itâ€™s to cover and guarantee the #Bitcoin #VolcanoBonds, but also a full re-engineering of the economy and of the way a nation state does business.

Everybody searching for freedom: this is the place to come ğŸ‡¸ğŸ‡»https://t.co/zupEKC3usB","Itâ€™s to cover and guarantee the #Bitcoin #VolcanoBonds, but also a full re-engineering of the economy and of the way a nation state does business.

Everybody searching for freedom: this is the place to come ğŸ‡¸ğŸ‡»https://t.co/zupEKC3usB",Positive,Positive,2,1,1,0,10018,1621.0,_6H,1,0
1479548566804836356,"This guy ğŸ˜‚

Of course is an inactive volcano you id10t!

Most geothermal power is extracted from wells near INACTIVE VOLCANOES!

Why would you build a city below an ACTIVE VOLCANO? ğŸ¤¦ğŸ» https://t.co/HGh6UGZ0u0",Nayib Bukele ğŸ‡¸ğŸ‡»,nayibbukele,2022-01-07 20:20:41,Fri Jan 07 20:20:41 +0000 2022,18412,2695,en,"<a href=""http://twitter.com/download/iphone"" rel=""nofollow"">Twitter for iPhone</a>",Tweet,https://twitter.com/steve_hanke/status/1479546128211136512 ,0,0,,,,,,"This guy ğŸ˜‚

Of course is an inactive volcano you id10t!

Most geothermal power is extracted from wells near INACTIVE VOLCANOES!

Why would you build a city below an ACTIVE VOLCANO? ğŸ¤¦ğŸ» https://t.co/HGh6UGZ0u0","This guy ğŸ˜‚

Of course is an inactive volcano you id10t!

Most geothermal power is extracted from wells near INACTIVE VOLCANOES!

Why would you build a city below an ACTIVE VOLCANO? ğŸ¤¦ğŸ» https://t.co/HGh6UGZ0u0",Neutral,Positive,1,0,1,0,23802,3785.0,_6H,1,0
1479947130366304258,"Ok, ID-10t, Iâ€™m going to school you again, not because itâ€™s going to be of use for you, since youâ€™re just getting paid to attack #Bitcoin and defend fiat, but because the people deserve to know you are a fraud. https://t.co/BbDGGnyjuu",Nayib Bukele ğŸ‡¸ğŸ‡»,nayibbukele,2022-01-08 22:44:26,Sat Jan 08 22:44:26 +0000 2022,21698,4351,en,"<a href=""http://twitter.com/download/iphone"" rel=""nofollow"">Twitter for iPhone</a>",Tweet,https://twitter.com/steve_hanke/status/1479904660546859011 ,1,0,,,,,,"Ok, ID-10t, Iâ€™m going to school you again, not because itâ€™s going to be of use for you, since youâ€™re just getting paid to attack #Bitcoin and defend fiat, but because the people deserve to know you are a fraud. https://t.co/BbDGGnyjuu","Ok, ID-10t, Iâ€™m going to school you again, not because itâ€™s going to be of use for you, since youâ€™re just getting paid to attack #Bitcoin and defend fiat, but because the people deserve to know you are a fraud. https://t.co/BbDGGnyjuu",Positive,Negative,1,1,0,0,30400,1584.0,_6H,1,0
1483903670135795716,"Ã–ncelikle, #Bitcoin diyarÄ± El Salvadorâ€™dan tÃ¼m TÃ¼rkiyeâ€™ye selamlar ğŸ˜Š https://t.co/jnwJeO8NIy",Nayib Bukele ğŸ‡¸ğŸ‡»,nayibbukele,2022-01-19 20:46:19,Wed Jan 19 20:46:19 +0000 2022,78048,8289,tr,"<a href=""http://twitter.com/download/iphone"" rel=""nofollow"">Twitter for iPhone</a>",Tweet,,1,0,photo,https://pbs.twimg.com/media/FJfihGRXEA0s3sD.jpg,https://pbs.twimg.com/media/FJfihGLXoAUmISB.jpg,,,"Ã–ncelikle, #Bitcoin diyarÄ± El Salvadorâ€™dan tÃ¼m TÃ¼rkiyeâ€™ye selamlar ğŸ˜Š https://t.co/jnwJeO8NIy","Ã–ncelikle, #Bitcoin diyarÄ± El Salvadorâ€™dan tÃ¼m TÃ¼rkiyeâ€™ye selamlar ğŸ˜Š https://t.co/jnwJeO8NIy",Neutral,Positive,1,1,0,0,94626,15722.0,_6H,1,0
1484651539587289091,"Nope, I was wrong, didnâ€™t miss it.

El Salvador just bought 410 #bitcoin for only 15 million dollars ğŸ¥³

Some guys are selling really cheap ğŸ¤·ğŸ»â€â™‚ï¸ https://t.co/vEUEzp5UdU",Nayib Bukele ğŸ‡¸ğŸ‡»,nayibbukele,2022-01-21 22:18:05,Fri Jan 21 22:18:05 +0000 2022,59976,9312,en,"<a href=""http://twitter.com/download/iphone"" rel=""nofollow"">Twitter for iPhone</a>",Tweet,https://twitter.com/nayibbukele/status/1482066595577012226 ,1,0,,,,,,"Nope, I was wrong, didnâ€™t miss it.

El Salvador just bought 410 #bitcoin for only 15 million dollars ğŸ¥³

Some guys are selling really cheap ğŸ¤·ğŸ»â€â™‚ï¸ https://t.co/vEUEzp5UdU","Nope, I was wrong, didnâ€™t miss it.

El Salvador just bought 410 #bitcoin for only 15 million dollars ğŸ¥³

Some guys are selling really cheap ğŸ¤·ğŸ»â€â™‚ï¸ https://t.co/vEUEzp5UdU",Neutral,Positive,1,1,0,0,78600,2972.0,_6H,1,0
1485649494502875137,"Most people go in when the price is up, but the safest and most profitable moment to buy is when the price is down. Itâ€™s not rocket science ğŸ¤·ğŸ»â€â™‚ï¸

So invest a piece of your McDonaldâ€™s paycheck in #Bitcoin

Now go back to flip more burgers you lazy fvÃ§k!",Nayib Bukele ğŸ‡¸ğŸ‡»,nayibbukele,2022-01-24 16:23:36,Mon Jan 24 16:23:36 +0000 2022,39247,5949,en,"<a href=""http://twitter.com/download/iphone"" rel=""nofollow"">Twitter for iPhone</a>",Tweet,,1,0,,,,,,"Most people go in when the price is up, but the safest and most profitable moment to buy is when the price is down. Itâ€™s not rocket science ğŸ¤·ğŸ»â€â™‚ï¸

So invest a piece of your McDonaldâ€™s paycheck in #Bitcoin

Now go back to flip more burgers you lazy fvÃ§k!","Most people go in when the price is up, but the safest and most profitable moment to buy is when the price is down. Itâ€™s not rocket science ğŸ¤·ğŸ»â€â™‚ï¸

So invest a piece of your McDonaldâ€™s paycheck in #Bitcoin

Now go back to flip more burgers you lazy fvÃ§k!",Neutral,Positive,1,1,0,0,51145,3966.0,_6H,1,0
1485664733122469900,Should I quit my job at McDonaldâ€™s and open a #Bitcoin Burger joint?,Nayib Bukele ğŸ‡¸ğŸ‡»,nayibbukele,2022-01-24 17:24:09,Mon Jan 24 17:24:09 +0000 2022,7970,1285,en,"<a href=""http://twitter.com/download/iphone"" rel=""nofollow"">Twitter for iPhone</a>",Tweet,,1,0,,,,,,Should I quit my job at McDonaldâ€™s and open a #Bitcoin Burger joint?,Should I quit my job at McDonaldâ€™s and open a #Bitcoin Burger joint?,Neutral,Neutral,1,1,0,0,10540,61.0,1-6H,0,0
1488018025223704583,"There are more than 50 million millionaires in the world.

Imagine when each one of them decides they should own at least ONE #Bitcoin

But there will ever be only 21 million #Bitcoin

No enough for even half of them.

A gigantic price increase is just a matter of time.",Nayib Bukele ğŸ‡¸ğŸ‡»,nayibbukele,2022-01-31 05:15:17,Mon Jan 31 05:15:17 +0000 2022,35899,6221,en,"<a href=""http://twitter.com/download/iphone"" rel=""nofollow"">Twitter for iPhone</a>",Tweet,,2,0,,,,,,"There are more than 50 million millionaires in the world.

Imagine when each one of them decides they should own at least ONE #Bitcoin

But there will ever be only 21 million #Bitcoin

No enough for even half of them.

A gigantic price increase is just a matter of time.","There are more than 50 million millionaires in the world.

Imagine when each one of them decides they should own at least ONE #Bitcoin

But there will ever be only 21 million #Bitcoin

No enough for even half of them.

A gigantic price increase is just a matter of time.",Neutral,Positive,1,1,0,0,48341,9351.0,_6H,1,0
1488692416622252032,"#Bitcoin Burgers ğŸ‘€

Itâ€™s happening... https://t.co/tTUlmaWwZM",Nayib Bukele ğŸ‡¸ğŸ‡»,nayibbukele,2022-02-02 01:55:05,Wed Feb 02 01:55:05 +0000 2022,3068,357,en,"<a href=""http://twitter.com/download/iphone"" rel=""nofollow"">Twitter for iPhone</a>",Tweet,https://twitter.com/derekmross/status/1488644728467992583 ,1,0,,,,,,"#Bitcoin Burgers ğŸ‘€

Itâ€™s happening... https://t.co/tTUlmaWwZM","#Bitcoin Burgers ğŸ‘€

Itâ€™s happening... https://t.co/tTUlmaWwZM",Neutral,Neutral,1,1,0,0,3782,2680.0,_6H,1,0
1491822559754653699,"Dice que sabe como manejar la pandemia, como se debiÃ³ haber construido el @HospitalSV, como manejar la seguridad, la economÃ­a, el #Bitcoin, etc.

Pero Â¿es el jefe de fracciÃ³n y no sabe dÃ³nde estÃ¡ Margarita Escobar?

*Quien no se fue en noviembre, como Ã©l afirma, sino en junio. https://t.co/7UoB2pNim0",Nayib Bukele ğŸ‡¸ğŸ‡»,nayibbukele,2022-02-10 17:13:09,Thu Feb 10 17:13:09 +0000 2022,5825,1268,es,"<a href=""http://twitter.com/download/iphone"" rel=""nofollow"">Twitter for iPhone</a>",Tweet,,1,1,video,https://video.twimg.com/ext_tw_video/1491822517136330752/pu/pl/io8VWfyQFvgKmCFt.m3u8?tag=12&container=fmp4,,,,"Dice que sabe como manejar la pandemia, como se debiÃ³ haber construido el @HospitalSV, como manejar la seguridad, la economÃ­a, el #Bitcoin, etc.

Pero Â¿es el jefe de fracciÃ³n y no sabe dÃ³nde estÃ¡ Margarita Escobar?

*Quien no se fue en noviembre, como Ã©l afirma, sino en junio. https://t.co/7UoB2pNim0","He says he knows how to handle the pandemic, as the @hospitalsv should have been built, such as managing safety, economics, #bitcoin, etc.

But is it the head of fraction and he does not know where Margarita Escobar is?

* Who did not go in November, as he affirms, but in June.https://t.co/7uob2pnim0.",Neutral,Positive,1,1,0,0,8361,12438.0,_6H,1,0
1494167671197380609,"Land of the free ğŸ‡¸ğŸ‡»

#Bitcoin",Nayib Bukele ğŸ‡¸ğŸ‡»,nayibbukele,2022-02-17 04:31:47,Thu Feb 17 04:31:47 +0000 2022,32698,4128,en,"<a href=""http://twitter.com/download/iphone"" rel=""nofollow"">Twitter for iPhone</a>",Tweet,,1,0,,,,,,"Land of the free ğŸ‡¸ğŸ‡»

#Bitcoin","Land of the free ğŸ‡¸ğŸ‡»

#Bitcoin",Positive,Positive,1,1,0,0,40954,9319.0,_6H,1,0
1496548706937622536,"Hoy, a las 8pm, podrÃ¡s ver el lanzamiento de @chivopets, el primer hospital veterinario de nuestro paÃ­s.

Se transmitirÃ¡ en Facebook Live: https://t.co/9YLWpsEM8d
En Twitter: @nayibbukele
En TikTok Live: @nayibbukele
Y en televisiÃ³n abierta y cable: por canal 10.

ğŸ¶ğŸ±#Bitcoin https://t.co/37ecwE3bTk",Nayib Bukele ğŸ‡¸ğŸ‡»,nayibbukele,2022-02-23 18:13:10,Wed Feb 23 18:13:10 +0000 2022,7021,1225,es,"<a href=""http://twitter.com/download/iphone"" rel=""nofollow"">Twitter for iPhone</a>",Tweet,http://facebook.com/nayibbukele ,1,3,photo,https://pbs.twimg.com/media/FMTPHRaXwAMILlX.jpg,,,,"Hoy, a las 8pm, podrÃ¡s ver el lanzamiento de @chivopets, el primer hospital veterinario de nuestro paÃ­s.

Se transmitirÃ¡ en Facebook Live: https://t.co/9YLWpsEM8d
En Twitter: @nayibbukele
En TikTok Live: @nayibbukele
Y en televisiÃ³n abierta y cable: por canal 10.

ğŸ¶ğŸ±#Bitcoin https://t.co/37ecwE3bTk","Today, at 8pm, you will be able to see the launch of @chivopets, the first veterinary hospital in our country.

It will be transmitted on Facebook Live: https://t.co/9ylwpsem8d
On Twitter: @nayibbukele
In Tiktok Live: @nayibbukele
And on open television and cable: per channel 10.

ğŸ¶ğŸ± # Bitcoin https://t.co/37ecwe3btk",Positive,Neutral,1,1,0,0,9471,9461.0,_6H,1,0
1496550029867298826,"Tonight, at 8 pm (CT), weâ€™ll launch @chivopets, the first public veterinary hospital in El Salvador.

It will be broadcasted on Facebook Live: https://t.co/9YLWpsEM8d
Twitter: @nayibbukele
TikTok Live: @nayibbukele
And on television and cable: on channel 10.

ğŸ¶ğŸ±#Bitcoin https://t.co/LCutFsRJGk",Nayib Bukele ğŸ‡¸ğŸ‡»,nayibbukele,2022-02-23 18:18:26,Wed Feb 23 18:18:26 +0000 2022,4516,786,en,"<a href=""http://twitter.com/download/iphone"" rel=""nofollow"">Twitter for iPhone</a>",Tweet,http://facebook.com/nayibbukele ,1,3,photo,https://pbs.twimg.com/media/FMTQUToXMAIgAPy.jpg,,,,"Tonight, at 8 pm (CT), weâ€™ll launch @chivopets, the first public veterinary hospital in El Salvador.

It will be broadcasted on Facebook Live: https://t.co/9YLWpsEM8d
Twitter: @nayibbukele
TikTok Live: @nayibbukele
And on television and cable: on channel 10.

ğŸ¶ğŸ±#Bitcoin https://t.co/LCutFsRJGk","Tonight, at 8 pm (CT), weâ€™ll launch @chivopets, the first public veterinary hospital in El Salvador.

It will be broadcasted on Facebook Live: https://t.co/9YLWpsEM8d
Twitter: @nayibbukele
TikTok Live: @nayibbukele
And on television and cable: on channel 10.

ğŸ¶ğŸ±#Bitcoin https://t.co/LCutFsRJGk",Neutral,Neutral,1,1,0,0,6088,5.0,0-1H,0,1
1496659027706716164,"It will air at 6pm pacific, 7pm mountain, 8pm central y 9pm eastern time zones in the US.

Watch it on Twitter: @nayibbukele
Facebook: https://t.co/9YLWpsEM8d
TikTok: @nayibbukele 

#Bitcoin is good for pets! ğŸ¶ğŸ± https://t.co/4lozZsq4ck",Nayib Bukele ğŸ‡¸ğŸ‡»,nayibbukele,2022-02-24 01:31:33,Thu Feb 24 01:31:33 +0000 2022,2379,345,en,"<a href=""http://twitter.com/download/iphone"" rel=""nofollow"">Twitter for iPhone</a>",Tweet,http://facebook.com/nayibbukele https://twitter.com/BitcoinMagazine/status/1496552610874245121 ,1,2,,,,,,"It will air at 6pm pacific, 7pm mountain, 8pm central y 9pm eastern time zones in the US.

Watch it on Twitter: @nayibbukele
Facebook: https://t.co/9YLWpsEM8d
TikTok: @nayibbukele 

#Bitcoin is good for pets! ğŸ¶ğŸ± https://t.co/4lozZsq4ck","It will air at 6pm pacific, 7pm mountain, 8pm central y 9pm eastern time zones in the US.

Watch it on Twitter: @nayibbukele
Facebook: https://t.co/9YLWpsEM8d
TikTok: @nayibbukele 

#Bitcoin is good for pets! ğŸ¶ğŸ± https://t.co/4lozZsq4ck",Positive,Positive,1,1,0,0,3069,433.0,_6H,1,0
1497024189013893125,"Wanna watch a video about #Bitcoin and pets?

@chivopets is the first ever #Bitcoin fully funded animal hospital.

Every treatment will cost only $0.25, paid in #BTC, with any wallet. https://t.co/qODeo1eO3M",Nayib Bukele ğŸ‡¸ğŸ‡»,nayibbukele,2022-02-25 01:42:34,Fri Feb 25 01:42:34 +0000 2022,7629,1211,en,"<a href=""http://twitter.com/download/iphone"" rel=""nofollow"">Twitter for iPhone</a>",Tweet,https://twitter.com/nayibbukele/status/1496666200184602628 ,3,1,,,,,,"Wanna watch a video about #Bitcoin and pets?

@chivopets is the first ever #Bitcoin fully funded animal hospital.

Every treatment will cost only $0.25, paid in #BTC, with any wallet. https://t.co/qODeo1eO3M","Wanna watch a video about #Bitcoin and pets?

@chivopets is the first ever #Bitcoin fully funded animal hospital.

Every treatment will cost only $0.25, paid in #BTC, with any wallet. https://t.co/qODeo1eO3M",Neutral,Neutral,1,1,0,0,10051,1451.0,_6H,1,0
1497095540546408450,#Bitcoin is good for pets! ğŸ¶ğŸ± https://t.co/dyK0zDlZEs,Nayib Bukele ğŸ‡¸ğŸ‡»,nayibbukele,2022-02-25 06:26:06,Fri Feb 25 06:26:06 +0000 2022,13729,1619,en,"<a href=""http://twitter.com/download/iphone"" rel=""nofollow"">Twitter for iPhone</a>",Tweet,https://twitter.com/bitcoinmagazine/status/1497092641732771841 ,1,0,,,,,,#Bitcoin is good for pets! ğŸ¶ğŸ± https://t.co/dyK0zDlZEs,#Bitcoin is good for pets! ğŸ¶ğŸ± https://t.co/dyK0zDlZEs,Positive,Positive,1,1,0,0,16967,284.0,1-6H,0,0
